"id","name","type","release_date","release_precision","release_year","release_month","release_day","main_story_polled","main_story","main_plus_sides_polled","main_plus_sides","completionist_polled","completionist","all_styles_polled","all_styles","single_player_polled","single_player","co_op_polled","co_op","versus_polled","versus"
"178","Ace of Spades","multiplayer focused","2012-12-12","day","2012.0","12.0","12.0","","","","","","","","","","","","","","15.5"
"265","Age of Conan: Unchained","multiplayer focused","2008-05-20","day","2008.0","5.0","20.0","","","","","","","","","","","2.0","100.0","1.0","10.0"
"290","Aion","multiplayer focused","2009-09-22","day","2009.0","9.0","22.0","6.0","64.32","7.0","425.13","1.0","900.0","14.0","304.42","6.0","64.32","6.0","400.0","4.0","1495.0"
"452","Anarchy Online","multiplayer focused","2001-06-26","day","2001.0","6.0","26.0","","","1.0","200.0","","","1.0","200.0","","","","","",""
"517","APB: Reloaded","multiplayer focused","2010-06-29","day","2010.0","6.0","29.0","","","","","","","","","","","1.0","219.0","8.0","476.0"
"936","Battlefield 2142","multiplayer focused","2006-10-17","day","2006.0","10.0","17.0","","","","","","","","","","","1.0","17.0","9.0","107.0"
"1105","Blacklight: Retribution","multiplayer focused","2012-04-03","day","2012.0","4.0","3.0","","","","","","","","","","","2.0","6.0","10.0","67.5"
"1683","Chivalry: Medieval Warfare","multiplayer focused","2012-10-16","day","2012.0","10.0","16.0","","","","","","","","","","","","","","35.5"
"1727","City of Heroes","multiplayer focused","2004-04-27","day","2004.0","4.0","27.0","2.0","50.0","3.0","109.35","","","5.0","85.6","2.0","50.0","","","",""
"1820","Combat Arms","multiplayer focused","2008-07-11","day","2008.0","7.0","11.0","","","","","","","","","","","","","","635.0"
"1953","Counter-Strike(1999)","multiplayer focused","1999-06-12","day","1999.0","6.0","12.0","","","","","","","","","","","14.0","219.0","73.0","306.0"
"1954","Counter-Strike(2003)","multiplayer focused","2003-11-18","day","2003.0","11.0","18.0","","","","","","","","","","","","","","250.0"
"1957","Counter-Strike 2","multiplayer focused","2012-08-21","day","2012.0","8.0","21.0","","","","","","","","","","","","","","721.0"
"1958","Counter-Strike: Source","multiplayer focused","2004-11-01","day","2004.0","11.0","1.0","","","","","","","","","","","14.0","140.0","74.0","284.0"
"2019","CrimeCraft: GangWars","multiplayer focused","2009-08-25","day","2009.0","8.0","25.0","","","","","","","","","","","","","","1497.0"
"2072","Crysis Wars","multiplayer focused","2008-09-16","day","2008.0","9.0","16.0","","","","","","","","","","","","","","15.0"
"2274","Kingdom Wars","multiplayer focused","2013-04","month","2013.0","4.0","","1.0","18.0","","","","","1.0","18.0","1.0","18.0","","","",""
"2284","Day of Defeat: Source","multiplayer focused","2005-09-26","day","2005.0","9.0","26.0","","","","","","","","","","","2.0","42.5","12.0","48.0"
"2292","DC Universe Online","multiplayer focused","2011-01-11","day","2011.0","1.0","11.0","13.0","92.53","7.0","123.83","4.0","309.9","24.0","137.88","13.0","92.53","7.0","64.0","1.0","10.0"
"2721","Dota 2","multiplayer focused","2013-07-09","day","2013.0","7.0","9.0","","","","","","","","","","","25.0","1641.0","77.0","2165.0"
"3057","Eden Eternal(2011)","multiplayer focused","2011-06-16","day","2011.0","6.0","16.0","","","","","","","","","","","","7.0","",""
"3214","Eve Online","multiplayer focused","2003-05-06","day","2003.0","5.0","6.0","","","","","","","","","","","4.0","3361.0","5.0","957.0"
"3220","EverQuest","multiplayer focused","1999-03-16","day","1999.0","3.0","16.0","4.0","593.5","5.0","560.13","","","9.0","574.95","4.0","593.5","","","",""
"3221","EverQuest II","multiplayer focused","2004-11-04","day","2004.0","11.0","4.0","","","","","","","","","","","","1205.0","",""
"3460","FIFA: Road to World Cup 98","multiplayer focused","1997-06-17","day","1997.0","6.0","17.0","","","","","","","","","","","1.0","12.0","2.0","49.0"
"3528","Final Fantasy XI","multiplayer focused","2003-10-28","day","2003.0","10.0","28.0","16.0","111.13","22.0","985.2","4.0","652.52","42.0","620.53","16.0","111.13","","","",""
"3860","Gear Up","multiplayer focused","2015-01-28","day","2015.0","1.0","28.0","","","","","","","","","","","","","","8.0"
"4151","Guardians of Middle-Earth","multiplayer focused","2012-12-04","day","2012.0","12.0","4.0","2.0","1.23","2.0","9.5","1.0","20.0","5.0","8.28","2.0","1.23","","","",""
"4154","Guild Wars 2","multiplayer focused","2012-08-28","day","2012.0","8.0","28.0","41.0","90.52","37.0","263.65","15.0","2091.17","93.0","482.08","41.0","90.52","15.0","992.0","5.0","278.0"
"4155","Guild Wars Factions","multiplayer focused","2006-04-28","day","2006.0","4.0","28.0","","","","","","","","","","","3.0","60.0","1.0","60.0"
"4156","Guild Wars Nightfall","multiplayer focused","2006-10-27","day","2006.0","10.0","27.0","","","","","","","","","","","3.0","59.0","1.0","80.0"
"4157","Guild Wars: Eye of the North","multiplayer focused","2007-08-28","day","2007.0","8.0","28.0","","","","","","","","","","","2.0","52.5","1.0","80.0"
"4158","Guild Wars: Prophecies","multiplayer focused","2005-04-28","day","2005.0","4.0","28.0","19.0","82.1","16.0","133.0","3.0","901.25","38.0","168.2","19.0","82.1","3.0","233.0","1.0","40.0"
"4216","Guns of Icarus Online","multiplayer focused","2010-10-29","day","2010.0","10.0","29.0","","","","","","","","","","","1.0","8.0","10.0","24.5"
"4220","GunZ: The Duel","multiplayer focused","2006-11","month","2006.0","11.0","","","","","","","","","","","","1.0","10.0","2.0","35.0"
"4249","Half-Life 2: Deathmatch","multiplayer focused","2004-11-30","day","2004.0","11.0","30.0","","","","","","","","","","","3.0","22.5","24.0","91.0"
"4253","Half-Life Deathmatch: Source","multiplayer focused","2005-07-02","day","2005.0","7.0","2.0","","","","","","","","","","","","","","0.95"
"4438","Heroes of Newerth","multiplayer focused","2010-05-12","day","2010.0","5.0","12.0","","","","","","","","","","","","","","976.0"
"4705","Insurgency(2014)","multiplayer focused","2014-01-22","day","2014.0","1.0","22.0","","","","","","","","","","","7.0","84.5","23.0","42.5"
"5201","Lead and Gold: Gangs of the Wild West","multiplayer focused","2010-04-08","day","2010.0","4.0","8.0","","","","","","","","","","","","","","144.0"
"5203","League of Legends","multiplayer focused","2009-10-27","day","2009.0","10.0","27.0","47.0","1182.48","22.0","1932.17","35.0","3746.9","104.0","2204.1","47.0","1182.48","17.0","1797.0","104.0","1751.0"
"5307","Lineage II","multiplayer focused","2004-04-27","day","2004.0","4.0","27.0","3.0","1617.47","3.0","2706.0","","","6.0","2161.73","3.0","1617.47","2.0","1071.0","3.0","1145.0"
"5346","Loadout","multiplayer focused","2014-01-31","day","2014.0","1.0","31.0","","","","","","","","","","","","","","90.0"
"5607","MapleStory","multiplayer focused","2005-05-11","day","2005.0","5.0","11.0","","","","","","","","","","","","854.0","",""
"6419","Natural Selection 2","multiplayer focused","2012-10-31","day","2012.0","10.0","31.0","","","","","","","","","","","","","","120.0"
"6542","Nexuiz(2012)","multiplayer focused","2012-05-03","day","2012.0","5.0","3.0","","","","","","","","","","","","","","1.5"
"7104","PlanetSide 2","multiplayer focused","2012-11-20","day","2012.0","11.0","20.0","","","","","","","","","","","5.0","725.0","24.0","221.0"
"7280","Primal Carnage","multiplayer focused","2012-10-29","day","2012.0","10.0","29.0","","","","","","","","","","","","","","8.0"
"7651","Realm of the Mad God","multiplayer focused","2012-02-20","day","2012.0","2.0","20.0","","","","","","","","","","","","830.0","",""
"7692","Red Orchestra: Ostfront 41-45","multiplayer focused","2006-03-14","day","2006.0","3.0","14.0","","","","","","","","","","","","","","11.5"
"7815","Rift(2011)","multiplayer focused","2011-03-01","day","2011.0","3.0","1.0","","","","","","","","","","","2.0","112.0","1.0","45.0"
"8024","RuneScape(2020)","multiplayer focused","2020-10-14","day","2020.0","10.0","14.0","24.0","1544.77","19.0","2759.85","18.0","4798.27","61.0","2883.28","24.0","1544.77","5.0","3710.0","2.0","313.0"
"8363","Shadowrun(2007)","multiplayer focused","2007-05-29","day","2007.0","5.0","29.0","","","","","","","","","","","","","","37.5"
"8960","Spiral Knights","multiplayer focused","2009-11-12","day","2009.0","11.0","12.0","","","","","","","","","","","4.0","199.0","1.0","30.0"
"9055","Star Trek Online","multiplayer focused","2010-02-02","day","2010.0","2.0","2.0","8.0","282.65","9.0","428.7","3.0","2971.33","20.0","751.67","8.0","282.65","","","",""
"9084","Star Wars Galaxies: An Empire Divided","multiplayer focused","2003-06-26","day","2003.0","6.0","26.0","","","","","","","","","","","1.0","1000.0","1.0","20.0"
"9097","Star Wars: Battlefront(2004)","multiplayer focused","2004-09-20","day","2004.0","9.0","20.0","129.0","6.97","39.0","15.13","25.0","16.23","193.0","9.82","129.0","6.97","5.0","18.5","7.0","28.5"
"9137","Star Wars: The Old Republic","multiplayer focused","2011-12-20","day","2011.0","12.0","20.0","31.0","79.67","44.0","219.85","4.0","1928.75","79.0","251.37","31.0","79.67","7.0","177.0","4.0","30.5"
"9632","Team Fortress 2","multiplayer focused","2007-10-10","day","2007.0","10.0","10.0","","","","","","","","","","","","","","550.0"
"9634","Team Fortress Classic","multiplayer focused","1999-04-07","day","1999.0","4.0","7.0","","","","","","","","","","","","","","72.5"
"9697","TERA","multiplayer focused","2012-05-01","day","2012.0","5.0","1.0","11.0","37.48","14.0","348.18","5.0","165.08","30.0","203.75","11.0","37.48","13.0","446.0","5.0","581.0"
"9770","The Banner Saga: Factions","multiplayer focused","2013-02-25","day","2013.0","2.0","25.0","","","","","","","","","","","","","","3.0"
"10054","The Lord of the Rings Online: Mines of Moria","multiplayer focused","2008-11-18","day","2008.0","11.0","18.0","","","","","","","","","","","","73.0","",""
"10057","The Lord of the Rings Online","multiplayer focused","2007-04-24","day","2007.0","4.0","24.0","","","","","","","","","","","","352.0","",""
"10163","The Secret World","multiplayer focused","2012-07-03","day","2012.0","7.0","3.0","4.0","35.5","9.0","218.57","3.0","692.07","16.0","261.58","4.0","35.5","","","",""
"10260","Infestation: Survivor Stories","multiplayer focused","","","","","","","","","","","","","","","","","","","79.0"
"10510","Toontown Online","multiplayer focused","2005-10-06","day","2005.0","10.0","6.0","","","","","","","","","","","","30.0","",""
"10645","Tribes: Ascend","multiplayer focused","2012-04-12","day","2012.0","4.0","12.0","","","","","","","","","","","","","","252.0"
"10761","Ultima Online","multiplayer focused","1997-09-24","day","1997.0","9.0","24.0","","","","","","","","","","","","634.0","",""
"10943","Vindictus","multiplayer focused","2010-10-13","day","2010.0","10.0","13.0","","","","","","","","","","","","1302.0","",""
"11037","Warframe","multiplayer focused","2013-03-25","day","2013.0","3.0","25.0","60.0","127.25","81.0","801.33","49.0","1590.15","190.0","791.9","60.0","127.25","82.0","925.0","20.0","222.0"
"11052","Warhammer Online: Age of Reckoning","multiplayer focused","2008-09-18","day","2008.0","9.0","18.0","","","","","","","","","","","2.0","250.0","4.0","212.0"
"11060","Warhawk(2007)","multiplayer focused","2007-08-28","day","2007.0","8.0","28.0","","","","","","","","","","","1.0","200.0","5.0","267.0"
"11253","Wolfenstein: Enemy Territory","multiplayer focused","2003-05-29","day","2003.0","5.0","29.0","","","","","","","","","","","","","","492.0"
"11285","World of Tanks","multiplayer focused","2011-04-12","day","2011.0","4.0","12.0","7.0","1046.73","5.0","589.9","5.0","4048.0","17.0","1795.1","7.0","1046.73","3.0","324.0","12.0","1514.0"
"11286","World of Warcraft","multiplayer focused","2004-11-23","day","2004.0","11.0","23.0","54.0","660.62","62.0","1593.5","27.0","5628.62","143.0","2003.1","54.0","660.62","41.0","2898.0","15.0","2659.0"
"11924","Rising Storm","multiplayer focused","2013-05-30","day","2013.0","5.0","30.0","","","","","","","","","","","","","","10.5"
"11986","Smite","multiplayer focused","2013","year","2013.0","","","","","","","","","","","","","4.0","7.5","31.0","486.0"
"12243","Major League Baseball 2K9","multiplayer focused","2009-03-03","day","2009.0","3.0","3.0","1.0","10.0","","","","","1.0","10.0","1.0","10.0","","","",""
"12373","Stronghold Kingdoms","multiplayer focused","2012-10-17","day","2012.0","10.0","17.0","","","","","","","","","","","","","","377.0"
"12426","Phantasy Star Online","multiplayer focused","2001-01-29","day","2001.0","1.0","29.0","8.0","31.03","8.0","86.07","4.0","324.43","20.0","111.73","8.0","31.03","2.0","200.0","1.0","110.0"
"12579","MicroVolts Surge","multiplayer focused","2010-08-12","day","2010.0","8.0","12.0","","","","","","","","","","","","","","25.0"
"12597","Need for Speed: World","multiplayer focused","2010-07-27","day","2010.0","7.0","27.0","","","","","","","","","","","","","","12.5"
"12654","Final Fantasy XIV(2013)","multiplayer focused","2013-08-27","day","2013.0","8.0","27.0","209.0","106.25","241.0","484.83","13.0","3586.98","463.0","401.03","209.0","106.25","43.0","1861.0","4.0","51.0"
"12831","Rappelz","multiplayer focused","2009-05-19","day","2009.0","5.0","19.0","","","","","","","","","","","","","","420.0"
"12832","Cabal Online","multiplayer focused","2016-02-17","day","2016.0","2.0","17.0","","","","","1.0","250.0","1.0","250.0","","","","","",""
"13418","Teeworlds","multiplayer focused","2007-03-27","day","2007.0","3.0","27.0","","","","","","","","","","","","","","7.0"
"13422","Words With Friends Classic","multiplayer focused","2009","year","2009.0","","","","","","","","","","","","","","","","15.0"
"13551","Gun Monkeys","multiplayer focused","2013-06-28","day","2013.0","6.0","28.0","","","","","","","","","","","","","","3.5"
"13692","GunBound","multiplayer focused","2006-07","month","2006.0","7.0","","","","","","","","","","","","","100.0","",""
"13795","Tom Clancy's Ghost Recon: Phantoms","multiplayer focused","2014-04-10","day","2014.0","4.0","10.0","","","","","","","","","","","","","","73.5"
"13905","8 Ball Pool Multiplayer","multiplayer focused","2010","year","2010.0","","","","","","","","","","","","","","","","3.5"
"14121","Hearthstone: Heroes of Warcraft","multiplayer focused","2014-03-11","day","2014.0","3.0","11.0","25.0","48.2","18.0","97.23","5.0","748.2","48.0","139.5","25.0","48.2","","","",""
"14442","The Mighty Quest for Epic Loot","multiplayer focused","2013","year","2013.0","","","","","","","","","","","","","","","","70.0"
"14509","No More Room in Hell","multiplayer focused","2011-10-31","day","2011.0","10.0","31.0","","","","","","","","","","","","23.5","",""
"14529","ArcheBlade","multiplayer focused","2014-04-25","day","2014.0","4.0","25.0","","","","","","","","","","","","","","123.0"
"14948","Runes of Magic","multiplayer focused","2009-03-19","day","2009.0","3.0","19.0","","","","","","","","","","","1.0","2500.0","1.0","500.0"
"15020","Panzar: Forged by Chaos","multiplayer focused","2012","year","2012.0","","","","","","","","","","","","","","","","7.0"
"15234","War Thunder","multiplayer focused","2012-11-01","day","2012.0","11.0","1.0","","","","","","","","","","","5.0","443.0","28.0","330.0"
"15502","Elsword","multiplayer focused","2011-03-23","day","2011.0","3.0","23.0","","","","","","","","","","","5.0","220.0","1.0","3000.0"
"15596","Rust","multiplayer focused","2013-12-11","day","2013.0","12.0","11.0","","","","","","","","","","","8.0","75.5","17.0","270.0"
"15992","Project Blackout","multiplayer focused","2010-12-10","day","2010.0","12.0","10.0","","","","","","","","","","","1.0","18.0","2.0","1047.0"
"15994","Blade Symphony","multiplayer focused","2014-05-07","day","2014.0","5.0","7.0","","","","","","","","","","","","","","15.0"
"16227","War of the Vikings","multiplayer focused","2014-04-15","day","2014.0","4.0","15.0","","","","","","","","","","","","","","9.5"
"16475","Phantasy Star Online: Blue Burst","multiplayer focused","2012","year","2012.0","","","","","","","","","","","","","","252.0","",""
"16621","Titanfall","multiplayer focused","2014-03-11","day","2014.0","3.0","11.0","","","","","","","","","","","","","","48.5"
"16647","Asheron's Call","multiplayer focused","1999-11-02","day","1999.0","11.0","2.0","","","","","","","","","","","","100.0","",""
"16703","Magicka: Wizard Wars","multiplayer focused","2013-10-15","day","2013.0","10.0","15.0","","","","","","","","","","","","","","2.0"
"17076","Plants vs. Zombies: Garden Warfare","multiplayer focused","2014-02-25","day","2014.0","2.0","25.0","","","","","","","","","","","14.0","8.0","34.0","106.0"
"17087","HAWKEN","multiplayer focused","2014-02-14","day","2014.0","2.0","14.0","","","","","","","","","","","2.0","1.5","5.0","5.5"
"17207","Nether","multiplayer focused","2013-10-31","day","2013.0","10.0","31.0","","","","","","","","","","","","","","8.5"
"17251","Firefall","multiplayer focused","2014-07-29","day","2014.0","7.0","29.0","","","","","","","","","","","","30.0","",""
"17437","FIFA World","multiplayer focused","","","","","","","","","","","","","","","","1.0","60.0","2.0","34.0"
"17596","The Elder Scrolls Online","multiplayer focused","2014-04-04","day","2014.0","4.0","4.0","50.0","53.87","84.0","252.03","18.0","741.8","152.0","244.85","50.0","53.87","18.0","165.0","8.0","161.0"
"17613","Dead Island: Epidemic","multiplayer focused","2014-11-20","day","2014.0","11.0","20.0","","","","","","","","","","","1.0","22.0","2.0","13.0"
"17632","Atomic Ninjas","multiplayer focused","2013-10-08","day","2013.0","10.0","8.0","1.0","2.0","","","","","1.0","2.0","1.0","2.0","","","",""
"17640","Ragnarok Online","multiplayer focused","2003-06-01","day","2003.0","6.0","1.0","","","","","","","","","","","7.0","2056.0","3.0","2059.0"
"17803","Mabinogi","multiplayer focused","2012-12-06","day","2012.0","12.0","6.0","1.0","30.0","1.0","6500.0","","","2.0","3265.0","1.0","30.0","","","",""
"17989","8BitMMO","multiplayer focused","2013-12-13","day","2013.0","12.0","13.0","","","","","","","","","","","","0.92","",""
"18125","Verdun","multiplayer focused","2013-09-19","day","2013.0","9.0","19.0","","","","","","","","","","","","","","15.0"
"18722","Grand Chase","multiplayer focused","2008-03-08","day","2008.0","3.0","8.0","","","","","","","","","","","","","","800.0"
"18829","Sportsfriends","multiplayer focused","2014-05-06","day","2014.0","5.0","6.0","","","","","","","","","","","1.0","3.0","2.0","2.5"
"19016","Warface","multiplayer focused","2013-10-21","day","2013.0","10.0","21.0","","","","","","","","","","","","","","59.5"
"19539","Strike Vector","multiplayer focused","2014-01-28","day","2014.0","1.0","28.0","","","","","","","","","","","","","","5.5"
"19687","Kingdoms Rise","multiplayer focused","2013-11-18","day","2013.0","11.0","18.0","","","","","","","","","","","","","","3.0"
"19725","Aura Kingdom","multiplayer focused","2014-01-06","day","2014.0","1.0","6.0","1.0","700.0","4.0","803.52","1.0","9341.75","6.0","2209.3","1.0","700.0","1.0","25.0","2.0","97.5"
"19767","Blockstorm","multiplayer focused","2014-06-06","day","2014.0","6.0","6.0","","","","","","","","","","","","","","5.0"
"19814","Marvel Heroes","multiplayer focused","2014-06-04","day","2014.0","6.0","4.0","12.0","24.83","14.0","90.87","2.0","285.0","28.0","76.43","12.0","24.83","5.0","247.0","1.0","20.0"
"19825","War Inc.: Battlezone","multiplayer focused","2011-07-18","day","2011.0","7.0","18.0","","","","","","","","","","","","","","12.5"
"19826","Ragnarok Online 2","multiplayer focused","2013-05","month","2013.0","5.0","","","","","","","","","","","","1.0","348.0","1.0","100.0"
"19832","Zombie Panic! Source","multiplayer focused","2007-12-28","day","2007.0","12.0","28.0","","","","","","","","","","","1.0","0.65","1.0","0.65"
"19833","Synergy(2005)","multiplayer focused","2005-09-01","day","2005.0","9.0","1.0","","","","","","","","","","","","14.5","",""
"19874","Robocraft","multiplayer focused","2014-07-08","day","2014.0","7.0","8.0","","","","","","","","","","","","","","39.5"
"20226","Star Conflict","multiplayer focused","2003-02-27","day","2003.0","2.0","27.0","","","","","","","","","","","1.0","17.0","2.0","251.0"
"20456","Orbital Gear","multiplayer focused","2014-08-07","day","2014.0","8.0","7.0","","","","","","","","","","","","","","10.0"
"20553","Wizard101","multiplayer focused","2008-09-02","day","2008.0","9.0","2.0","","","","","","","","","","","2.0","169.0","1.0","20.0"
"20695","Space Farmers","multiplayer focused","2014-04-17","day","2014.0","4.0","17.0","","","","","","","","","","","5.0","5.0","1.0","7.0"
"20751","Silkroad Online","multiplayer focused","2004-06-01","day","2004.0","6.0","1.0","","","","","","","","","","","","","","200.0"
"20849","Wakfu","multiplayer focused","2014-09-18","day","2014.0","9.0","18.0","","","","","","","","","","","","259.0","",""
"20866","WarRock","multiplayer focused","2007","year","2007.0","","","","","","","","","","","","","","","","400.0"
"20936","Tremulous","multiplayer focused","2005-08-11","day","2005.0","8.0","11.0","","","","","","","","","","","","","","10000.0"
"20937","Soldat","multiplayer focused","2002-08-23","day","2002.0","8.0","23.0","","","","","","","","","","","1.0","2.0","2.0","52.5"
"21022","Battlefield Heroes","multiplayer focused","2009-06-25","day","2009.0","6.0","25.0","","","","","","","","","","","1.0","7.0","4.0","161.0"
"21503","Minimum","multiplayer focused","2014-09-10","day","2014.0","9.0","10.0","","","","","","","","","","","","","","7.5"
"21516","Drift City","multiplayer focused","2007-08-01","day","2007.0","8.0","1.0","1.0","30.0","","","","","1.0","30.0","1.0","30.0","","","",""
"21663","Mu Online","multiplayer focused","2003-10-06","day","2003.0","10.0","6.0","","","","","","","","","","","","","","129.0"
"21669","Metal Gear Online","multiplayer focused","2008-07-17","day","2008.0","7.0","17.0","","","","","","","","","","","","","","15.0"
"21874","Toontown Rewritten","multiplayer focused","2014-09-19","day","2014.0","9.0","19.0","6.0","454.1","3.0","146.67","3.0","203.33","12.0","314.55","6.0","454.1","","","",""
"21936","Rakion","multiplayer focused","2005-01-12","day","2005.0","1.0","12.0","","","","","","","","","","","","","","20.0"
"21940","Tibia","multiplayer focused","1997-01","month","1997.0","1.0","","1.0","500.0","","","","","1.0","500.0","1.0","500.0","2.0","750.0","2.0","753.0"
"21997","Hazard Ops","multiplayer focused","2014-10-08","day","2014.0","10.0","8.0","","","","","","","","","","","1.0","8.5","1.0","2.5"
"22015","GunZ 2: The Second Duel","multiplayer focused","2014-05-01","day","2014.0","5.0","1.0","","","","","","","","","","","","5.0","",""
"22092","NFL Football '94 Starring Joe Montana","multiplayer focused","1993-11","month","1993.0","11.0","","2.0","0.75","","","","","2.0","0.75","2.0","0.75","","","",""
"22130","F.E.A.R. Online","multiplayer focused","2014-10-21","day","2014.0","10.0","21.0","","","","","","","","","","","","","","15.0"
"22370","Dragon Quest X: Rise of the Five Tribes","multiplayer focused","2012-08-02","day","2012.0","8.0","2.0","12.0","41.93","4.0","107.2","","","16.0","58.25","12.0","41.93","","","",""
"22558","Thief Town","multiplayer focused","2014","year","2014.0","","","","","","","","","","","","","","","","1.5"
"22716","Fractured Space","multiplayer focused","2014-11-20","day","2014.0","11.0","20.0","","","","","","","","","","","","","","6.5"
"22811","ArcheAge","multiplayer focused","2014-09-16","day","2014.0","9.0","16.0","","","4.0","717.0","","","4.0","717.0","","","2.0","170.0","2.0","262.0"
"22812","Clash(2016)","multiplayer focused","2016-09-30","day","2016.0","9.0","30.0","","","","","3.0","2.78","3.0","2.78","","","","","",""
"22950","Trove","multiplayer focused","2015-07-09","day","2015.0","7.0","9.0","3.0","53.33","4.0","120.2","2.0","944.62","9.0","281.12","3.0","53.33","7.0","362.0","1.0","107.0"
"22962","Primal Carnage: Extinction","multiplayer focused","2015-04-03","day","2015.0","4.0","3.0","","","","","","","","","","","","","","5.5"
"23050","Gang Beasts","multiplayer focused","2014-08-29","day","2014.0","8.0","29.0","17.0","2.9","11.0","5.47","51.0","7.65","79.0","6.32","17.0","2.9","","","",""
"23199","Heroes of the Storm","multiplayer focused","2015-06-02","day","2015.0","6.0","2.0","6.0","52.67","2.0","358.33","3.0","66.67","11.0","112.05","6.0","52.67","3.0","529.0","14.0","743.0"
"23224","#IDARB","multiplayer focused","2015-01-30","day","2015.0","1.0","30.0","","","","","","","","","","","","","","2.5"
"23259","La Tale","multiplayer focused","2008-09-15","day","2008.0","9.0","15.0","1.0","40.0","","","","","1.0","40.0","1.0","40.0","","","",""
"23263","Royal Quest","multiplayer focused","2014-08-06","day","2014.0","8.0","6.0","1.0","25.0","1.0","50.0","1.0","75.0","3.0","50.0","1.0","25.0","","","",""
"23290","The Jackbox Party Pack","multiplayer focused","2014-11-26","day","2014.0","11.0","26.0","","","","","","","","","","","","","","11.0"
"23471","CrossFire(2009)","multiplayer focused","2009-01-30","day","2009.0","1.0","30.0","","","","","","","","","","","1.0","11.0","2.0","2700.0"
"23623","Just Survive","multiplayer focused","2015-01-15","day","2015.0","1.0","15.0","3.0","30.0","","","3.0","53.83","6.0","41.92","3.0","30.0","3.0","76.0","7.0","181.0"
"23829","TOME: Immortal Arena","multiplayer focused","2014-11-21","day","2014.0","11.0","21.0","","","","","","","","","","","","","","3.0"
"23863","Transformice","multiplayer focused","2015-01-30","day","2015.0","1.0","30.0","","","","","","","","","","","2.0","9.0","2.0","132.0"
"24299","Boring Man: Online Tactical Stickman Combat","multiplayer focused","2014-04-14","day","2014.0","4.0","14.0","","","","","","","","","","","","","","3.0"
"24302","Dirty Bomb","multiplayer focused","2015-06","month","2015.0","6.0","","","","","","","","","","","","","","","66.0"
"24311","Double Action: Boogaloo","multiplayer focused","2014-10-23","day","2014.0","10.0","23.0","","","","","","","","","","","","","","4.0"
"24703","School of Dragons: How to Train Your Dragon","multiplayer focused","2014-12-04","day","2014.0","12.0","4.0","","","","","","","","","","","","4.0","",""
"24730","Dekaron","multiplayer focused","","","","","","1.0","300.0","","","","","1.0","300.0","1.0","300.0","","","",""
"25186","Infinite Crisis","multiplayer focused","2015-03-26","day","2015.0","3.0","26.0","","","","","","","","","","","1.0","35.0","1.0","180.0"
"25235","Heroes & Generals","multiplayer focused","2014-07-11","day","2014.0","7.0","11.0","","","","","","","","","","","","","","30.0"
"25403","Fortress Forever","multiplayer focused","2007-09-13","day","2007.0","9.0","13.0","","","","","","","","","","","","","","49.0"
"25404","Survarium","multiplayer focused","2015-04-02","day","2015.0","4.0","2.0","","","","","","","","","","","1.0","150.0","7.0","44.0"
"26127","Lost Ark","multiplayer focused","2022-02-11","day","2022.0","2.0","11.0","29.0","56.17","40.0","280.83","3.0","704.33","72.0","207.98","29.0","56.17","13.0","546.0","1.0","5.0"
"26318","Screencheat","multiplayer focused","2014-10-24","day","2014.0","10.0","24.0","","","","","","","","","","","1.0","4.0","4.0","3.0"
"26385","Agar.io","multiplayer focused","2015-04-28","day","2015.0","4.0","28.0","","","","","","","","","","","","","","2.5"
"26448","S.K.I.L.L. - Special Force 2","multiplayer focused","2013-09-14","day","2013.0","9.0","14.0","","","","","","","","","","","1.0","100.0","3.0","35.0"
"26551","The Four Kings: Casino and Slots","multiplayer focused","2015-06","month","2015.0","6.0","","","","","","","","","","","","","","","0.5"
"26688","Perfect World(2008)","multiplayer focused","2008-09-02","day","2008.0","9.0","2.0","2.0","350.0","","","","","2.0","350.0","2.0","350.0","1.0","500.0","1.0","100.0"
"26689","RaiderZ","multiplayer focused","2014-01-14","day","2014.0","1.0","14.0","","","","","","","","","","","","","","0.7"
"26793","Rising Storm 2: Vietnam","multiplayer focused","2017-05-30","day","2017.0","5.0","30.0","","","","","","","","","","","","","","56.5"
"27118","The Black Watchmen","multiplayer focused","2015-06-25","day","2015.0","6.0","25.0","3.0","13.87","1.0","83.8","","","4.0","31.35","3.0","13.87","","","",""
"27125","World of Warships","multiplayer focused","2017-11-15","day","2017.0","11.0","15.0","","","1.0","144.0","","","1.0","144.0","","","","","",""
"27226","Subspace Continuum","multiplayer focused","2015-07-03","day","2015.0","7.0","3.0","","","","","","","","","","","","","","3.0"
"27385","Dragon Nest","multiplayer focused","2012-12-18","day","2012.0","12.0","18.0","2.0","40.25","2.0","118.9","","","4.0","79.57","2.0","40.25","","","",""
"27489","Age of Empires Online","multiplayer focused","2011-08-16","day","2011.0","8.0","16.0","1.0","18.5","","","1.0","300.0","2.0","159.25","1.0","18.5","","","",""
"27604","Ratz Instagib","multiplayer focused","2015-01-21","day","2015.0","1.0","21.0","","","","","","","","","","","","","","3.5"
"27886","Quiplash","multiplayer focused","2015-06-30","day","2015.0","6.0","30.0","","","","","","","","","","","","","","2.5"
"27969","World of Warplanes","multiplayer focused","2013-11-13","day","2013.0","11.0","13.0","","","","","","","","","","","","","","2.0"
"28041","Codename CURE","multiplayer focused","2015-07-17","day","2015.0","7.0","17.0","1.0","12.07","","","","","1.0","12.07","1.0","12.07","","","",""
"28164","A.V.A: Alliance of Valiant Arms","multiplayer focused","2011-06-14","day","2011.0","6.0","14.0","","","","","","","","","","","","","","168.0"
"28192","Pandora Saga: Weapons of Balance","multiplayer focused","","","","","","1.0","10.0","","","","","1.0","10.0","1.0","10.0","","","",""
"28217","Pirates, Vikings, & Knights II","multiplayer focused","2010-02-12","day","2010.0","2.0","12.0","","","","","","","","","","","","","","32.0"
"28388","Skyforge","multiplayer focused","2015-07-16","day","2015.0","7.0","16.0","2.0","43.0","1.0","108.0","1.0","770.0","4.0","241.0","2.0","43.0","","","",""
"28466","Red Crucible: Firestorm","multiplayer focused","2015-05-29","day","2015.0","5.0","29.0","","","","","","","","","","","","","","30.0"
"28513","Dragon's Prophet","multiplayer focused","2013-09-23","day","2013.0","9.0","23.0","1.0","40.0","","","","","1.0","40.0","1.0","40.0","","","",""
"28633","Battlefield Play4Free","multiplayer focused","2010-11-30","day","2010.0","11.0","30.0","","","","","","","","","","","","","","30.0"
"28918","Tristoy","multiplayer focused","2015-01-15","day","2015.0","1.0","15.0","","","","","","","","","","","","2.5","",""
"28951","Dofus","multiplayer focused","2005-09","month","2005.0","9.0","","","","","","","","","","","","","3050.0","",""
"29143","Dead Realm","multiplayer focused","2015-08-03","day","2015.0","8.0","3.0","","","","","","","","","","","","","","0.78"
"29226","Dungeon Hunter 5","multiplayer focused","2015-02-27","day","2015.0","2.0","27.0","","","","","3.0","103.33","3.0","103.33","","","","","",""
"29745","World of Soccer Online","multiplayer focused","2015-08-26","day","2015.0","8.0","26.0","","","","","","","","","","","","","","143.0"
"30567","QuizUp","multiplayer focused","","","","","","","","","","","","","","","","","","","10.0"
"30582","Phantasy Star Online 2: New Genesis","multiplayer focused","2021-06-09","day","2021.0","6.0","9.0","7.0","18.18","5.0","52.55","1.0","3000.0","13.0","260.77","7.0","18.18","","","",""
"30618","Invokers Tournament","multiplayer focused","2015-06-09","day","2015.0","6.0","9.0","2.0","7.87","","","","","2.0","7.87","2.0","7.87","","","",""
"30759","Insurgency: Modern Infantry Combat","multiplayer focused","2007-10-23","day","2007.0","10.0","23.0","","","","","","","","","","","","","","2.5"
"30933","Keep Talking and Nobody Explodes","multiplayer focused","2015-08-08","day","2015.0","8.0","8.0","","","","","","","","","","","","6.0","",""
"31467","LEGO Minifigures Online","multiplayer focused","2014-10-29","day","2014.0","10.0","29.0","1.0","1.33","","","","","1.0","1.33","1.0","1.33","","","",""
"31590","Overwatch","multiplayer focused","2016-05-23","day","2016.0","5.0","23.0","","","","","","","","","","","","","","318.0"
"31728","Air Brawl","multiplayer focused","2015-06-02","day","2015.0","6.0","2.0","","","","","","","","","","","","","","3.0"
"32047","Ballistic Overkill","multiplayer focused","2015-10-08","day","2015.0","10.0","8.0","","","","","","","","","","","","","","15.0"
"32205","The Jackbox Party Pack 2","multiplayer focused","2015-10-13","day","2015.0","10.0","13.0","","","","","","","","","","","","","","4.0"
"32268","Steel Ocean","multiplayer focused","2015-11-12","day","2015.0","11.0","12.0","","","","","","","","","","","","","","17.5"
"32439","RWBY: Grimm Eclipse","multiplayer focused","2016-07-05","day","2016.0","7.0","5.0","35.0","4.1","15.0","9.4","8.0","36.27","58.0","9.9","35.0","4.1","","","",""
"32677","The Mean Greens: Plastic Warfare","multiplayer focused","2015-12-08","day","2015.0","12.0","8.0","","","","","","","","","","","","","","3.0"
"32715","Devilian","multiplayer focused","2015-12-10","day","2015.0","12.0","10.0","1.0","15.0","2.0","36.43","1.0","160.0","4.0","61.97","1.0","15.0","","","",""
"33021","Paladins","multiplayer focused","2016-09-15","day","2016.0","9.0","15.0","","","","","","","","","","","","","","181.0"
"33169","Oh...Sir!","multiplayer focused","2015-12-21","day","2015.0","12.0","21.0","","","","","","","","","","","","","","0.7"
"33215","Squad","multiplayer focused","2015-12-15","day","2015.0","12.0","15.0","","","","","","","","","","","","","","30.0"
"33375","Who's Your Daddy","multiplayer focused","2015-12-23","day","2015.0","12.0","23.0","","","","","","","","","","","","","","1.5"
"33404","Ghost in the Shell: Stand Alone Complex - First Assault Online","multiplayer focused","2015-12-14","day","2015.0","12.0","14.0","","","","","","","","","","","","","","17.5"
"33754","Blade & Soul","multiplayer focused","2016-01-19","day","2016.0","1.0","19.0","2.0","45.0","1.0","55.0","1.0","2000.0","4.0","536.25","2.0","45.0","4.0","345.0","3.0","933.0"
"33781","Sven Co-Op","multiplayer focused","1999-01-19","day","1999.0","1.0","19.0","","","","","","","","","","","15.0","11.0","1.0","5.0"
"34547","Stop Online: Battle of Words","multiplayer focused","2016-01-15","day","2016.0","1.0","15.0","","","","","","","","","","","","","","2.0"
"34704","Z1 Battle Royale","multiplayer focused","2016-02-18","day","2016.0","2.0","18.0","","","","","","","","","","","","","","82.0"
"34863","Wurm Unlimited","multiplayer focused","2015-10-21","day","2015.0","10.0","21.0","","","1.0","1588.0","","","1.0","1588.0","","","","","",""
"34956","Golf With Your Friends","multiplayer focused","2020-05-19","day","2020.0","5.0","19.0","40.0","6.32","30.0","12.28","31.0","27.57","101.0","14.62","40.0","6.32","","","",""
"35307","The Culling","multiplayer focused","2016-03-04","day","2016.0","3.0","4.0","","","","","","","","","","","1.0","1.5","3.0","32.5"
"35801","Last Chaos","multiplayer focused","","","","","","","","","","","","","","","","","","","60.0"
"35858","Governor of Poker 3","multiplayer focused","2016-02-19","day","2016.0","2.0","19.0","","","","","","","","","","","","","","14.5"
"35873","Faeria","multiplayer focused","2016-02-29","day","2016.0","2.0","29.0","","","","","","","","","","","","","","51.0"
"35883","Disc Jam","multiplayer focused","2017-03-07","day","2017.0","3.0","7.0","","","","","","","","","","","","","","3.0"
"36029","Piercing Blow","multiplayer focused","2015-11-10","day","2015.0","11.0","10.0","","","","","1.0","29.0","1.0","29.0","","","","","",""
"36288","The Ship: Remasted","multiplayer focused","2016-02-22","day","2016.0","2.0","22.0","","","","","","","","","","","","","","6.0"
"36498","Eve: Valkyrie","multiplayer focused","2016-10-10","day","2016.0","10.0","10.0","","","","","","","","","","","","","","0.25"
"36853","Bloons TD Battles","multiplayer focused","2016-04-20","day","2016.0","4.0","20.0","","","","","","","","","","","","","","30.0"
"36912","Knight Online","multiplayer focused","2016-01-25","day","2016.0","1.0","25.0","","","","","3.0","7390.4","3.0","7390.4","","","","","",""
"37026","slither.io","multiplayer focused","2016-03-25","day","2016.0","3.0","25.0","","","","","","","","","","","","","","2.5"
"37088","Lost Reavers","multiplayer focused","2016-04-28","day","2016.0","4.0","28.0","","","","","","","","","","","","5.0","",""
"37327","Ultimate Chicken Horse","multiplayer focused","2016-03-04","day","2016.0","3.0","4.0","","","","","","","","","","","3.0","6.0","21.0","18.5"
"37366","Roblox","multiplayer focused","2006","year","2006.0","","","7.0","22.13","7.0","97.13","16.0","155.07","30.0","110.53","7.0","22.13","12.0","909.0","12.0","607.0"
"37549","The Isle","multiplayer focused","2015-12-01","day","2015.0","12.0","1.0","","","","","","","","","","","","","","6.5"
"37760","Summoners War: Sky Arena","multiplayer focused","2014-06-12","day","2014.0","6.0","12.0","","","","","","","","","","","","","","280.0"
"37770","Clash Royale","multiplayer focused","2016-03-02","day","2016.0","3.0","2.0","6.0","307.63","3.0","233.5","1.0","380.0","10.0","292.62","6.0","307.63","2.0","60.5","5.0","162.0"
"37986","Dead by Daylight","multiplayer focused","2016-06-14","day","2016.0","6.0","14.0","","","","","","","","","","","21.0","448.0","53.0","380.0"
"38126","Absolver","multiplayer focused","2017-08-29","day","2017.0","8.0","29.0","85.0","5.17","46.0","9.17","8.0","23.57","139.0","7.55","85.0","5.17","6.0","6.5","2.0","10.0"
"38234","Drawful 2","multiplayer focused","2016-06-20","day","2016.0","6.0","20.0","","","","","","","","","","","","","","3.0"
"38274","Romopolis","multiplayer focused","2009-03-29","day","2009.0","3.0","29.0","","","","","4.0","12.37","4.0","12.37","","","","","",""
"38281","Worlds Adrift","multiplayer focused","2016","year","2016.0","","","","","","","","","","","","","","","","1.5"
"38416","LawBreakers","multiplayer focused","2016","year","2016.0","","","","","","","","","","","","","","","","77.0"
"38510","Atlas Reactor","multiplayer focused","2016-05-12","day","2016.0","5.0","12.0","","","","","","","","","","","","","","29.5"
"38558","Rec Room","multiplayer focused","2016-06-01","day","2016.0","6.0","1.0","","","","","","","","","","","","","","1702.0"
"38661","Marooners","multiplayer focused","2016-09-15","day","2016.0","9.0","15.0","","","","","6.0","10.05","6.0","10.05","","","","","",""
"39150","Day of Infamy","multiplayer focused","2016-07-28","day","2016.0","7.0","28.0","","","","","","","","","","","4.0","52.5","4.0","6.5"
"39393","Dreadnought","multiplayer focused","2017-08-01","day","2017.0","8.0","1.0","","","","","","","","","","","","","","39.0"
"40139","AdventureQuest 3D","multiplayer focused","2016-10-19","day","2016.0","10.0","19.0","3.0","353.67","1.0","15.0","1.0","60.0","5.0","227.2","3.0","353.67","","","",""
"40154","Cockroach Simulator","multiplayer focused","2016-09-15","day","2016.0","9.0","15.0","","","","","","","","","","","","","","2.0"
"40179","Battlerite","multiplayer focused","2016-09-20","day","2016.0","9.0","20.0","4.0","39.65","","","1.0","43.4","5.0","40.4","4.0","39.65","1.0","87.0","14.0","94.0"
"40390","WWE SuperCard","multiplayer focused","2014-08-14","day","2014.0","8.0","14.0","1.0","10.0","","","","","1.0","10.0","1.0","10.0","","","",""
"40718","The Jackbox Party Pack 3","multiplayer focused","2016-10-17","day","2016.0","10.0","17.0","","","","","","","","","","","","","","4.5"
"40915","What The Box?","multiplayer focused","2016-09-12","day","2016.0","9.0","12.0","","","","","","","","","","","","","","3.0"
"41186","Racecar.io","multiplayer focused","2016-10-18","day","2016.0","10.0","18.0","","","","","7.0","0.42","7.0","0.42","","","","","",""
"41274","Minion Masters","multiplayer focused","2016-12-02","day","2016.0","12.0","2.0","","","","","","","","","","","","","","45.0"
"41327","Atlas(2018)","multiplayer focused","2018-12-22","day","2018.0","12.0","22.0","1.0","18.0","","","","","1.0","18.0","1.0","18.0","","","",""
"41439","Intershelter","multiplayer focused","2016-11-20","day","2016.0","11.0","20.0","","","","","","","","","","","","","","0.28"
"41559","Meadow","multiplayer focused","2016-10-26","day","2016.0","10.0","26.0","1.0","25.57","1.0","50.9","2.0","106.6","4.0","72.42","1.0","25.57","","","",""
"41633","Infestation: The New Z","multiplayer focused","2016-11-22","day","2016.0","11.0","22.0","","","","","","","","","","","3.0","54.0","1.0","13.5"
"41724","Onward","multiplayer focused","2016-08-30","day","2016.0","8.0","30.0","","","","","","","","","","","","","","4.5"
"41986","Gigantic","multiplayer focused","2024-04-09","day","2024.0","4.0","9.0","2.0","23.2","","","","","2.0","23.2","2.0","23.2","","","",""
"42211","Operation: New Earth","multiplayer focused","2016-12-14","day","2016.0","12.0","14.0","1.0","1.37","","","","","1.0","1.37","1.0","1.37","","","",""
"42416","Heaven Forest","multiplayer focused","2016-12-10","day","2016.0","12.0","10.0","2.0","0.87","1.0","1.5","8.0","3.57","11.0","2.88","2.0","0.87","","","",""
"42417","Lies of Astaroth","multiplayer focused","2016","year","2016.0","","","2.0","42.5","1.0","201.0","","","3.0","95.33","2.0","42.5","","","",""
"43026","PICO PARK","multiplayer focused","2021-05-07","day","2021.0","5.0","7.0","","","","","","","","","","","55.0","3.0","2.0","3.0"
"43083","Florensia","multiplayer focused","2016-11-29","day","2016.0","11.0","29.0","1.0","0.5","","","","","1.0","0.5","1.0","0.5","","","",""
"43450","Legion TD 2","multiplayer focused","2017","year","2017.0","","","","","","","","","","","","","","","","57.0"
"43474","We Were Here","multiplayer focused","2017-02-03","day","2017.0","2.0","3.0","","","","","","","","","","","","2.0","",""
"43759","Blackwake","multiplayer focused","2017-02-24","day","2017.0","2.0","24.0","","","","","","","","","","","1.0","10.0","2.0","5.5"
"44149","Exteel","multiplayer focused","2007-12-04","day","2007.0","12.0","4.0","","","","","","","","","","","","","","200.0"
"44435","Heaven Forest Nights","multiplayer focused","2017-03-13","day","2017.0","3.0","13.0","","","","","9.0","1.63","9.0","1.63","","","","","",""
"44464","Pavlov VR","multiplayer focused","2017-02-27","day","2017.0","2.0","27.0","","","","","","","","","","","","","","70.0"
"44704","PUBG: Battlegrounds","multiplayer focused","2017-12-21","day","2017.0","12.0","21.0","","","","","","","","","","","","","","184.0"
"44770","Astral Heroes","multiplayer focused","2016-10-20","day","2016.0","10.0","20.0","","","","","","","","","","","","","","199.0"
"44794","Crossout","multiplayer focused","2017","year","2017.0","","","","","","","","","","","","","","","","289.0"
"44819","Ball 3D: Soccer Online","multiplayer focused","2017-03-31","day","2017.0","3.0","31.0","","","","","","","","","","","","","","3.0"
"45030","Absoloot","multiplayer focused","2017-03-15","day","2017.0","3.0","15.0","","","","","","","","","","","","","","0.75"
"45033","Mighty Party","multiplayer focused","2017-03-30","day","2017.0","3.0","30.0","1.0","2.2","","","1.0","21.0","2.0","11.6","1.0","2.2","","","",""
"45291","Shardbound","multiplayer focused","2017-04-06","day","2017.0","4.0","6.0","","","","","","","","","","","","","","2.0"
"45322","Guns of Icarus: Alliance","multiplayer focused","2017-03-31","day","2017.0","3.0","31.0","","","","","","","","","","","","","","3.0"
"45362","Last Man Standing","multiplayer focused","2017-03-29","day","2017.0","3.0","29.0","","","","","","","","","","","","","","11.0"
"45370","Throne of Lies","multiplayer focused","2017-09-29","day","2017.0","9.0","29.0","1.0","0.73","","","","","1.0","0.73","1.0","0.73","","","",""
"45628","Cloud Pirates","multiplayer focused","2017-04-19","day","2017.0","4.0","19.0","","","","","","","","","","","","","","9.0"
"46069","BRAIN / OUT","multiplayer focused","2017-02-24","day","2017.0","2.0","24.0","","","","","","","","","","","","","","20.5"
"46349","Unreal Tournament(2014)","multiplayer focused","2014-08-13","day","2014.0","8.0","13.0","","","","","","","","","","","","","","330.0"
"46467","Black Desert","multiplayer focused","2017-05-24","day","2017.0","5.0","24.0","16.0","94.67","16.0","288.6","9.0","2308.62","41.0","656.35","16.0","94.67","13.0","932.0","2.0","68.5"
"46557","Mirage: Arcane Warfare","multiplayer focused","2017-05-23","day","2017.0","5.0","23.0","","","","","","","","","","","","","","4.5"
"46861","Eye in the Sky","multiplayer focused","2017-12-05","day","2017.0","12.0","5.0","","","2.0","3.37","","","2.0","3.37","","","","","",""
"46955","Priston Tale","multiplayer focused","2001","year","2001.0","","","1.0","100.0","1.0","30.0","","","2.0","65.0","1.0","100.0","","","",""
"47037","Onigiri","multiplayer focused","2019-03-19","day","2019.0","3.0","19.0","3.0","1.12","","","","","3.0","1.12","3.0","1.12","","","",""
"47244","Black Squad","multiplayer focused","2017","year","2017.0","","","","","","","","","","","","","","","","214.0"
"47412","Steambirds Alliance","multiplayer focused","2018","year","2018.0","","","1.0","10.0","","","","","1.0","10.0","1.0","10.0","","","",""
"47520","Deceit(2017)","multiplayer focused","2017-03-03","day","2017.0","3.0","3.0","","","","","","","","","","","4.0","5.0","5.0","16.5"
"47743","Knightfall: Rivals","multiplayer focused","2017-07-20","day","2017.0","7.0","20.0","1.0","10.0","","","","","1.0","10.0","1.0","10.0","","","",""
"47746","Metin2","multiplayer focused","2006-12-17","day","2006.0","12.0","17.0","3.0","152.28","4.0","312.5","3.0","933.33","10.0","450.68","3.0","152.28","1.0","500.0","4.0","585.0"
"48505","Fishermurs","multiplayer focused","2017-06-13","day","2017.0","6.0","13.0","1.0","0.9","","","","","1.0","0.9","1.0","0.9","","","",""
"48576","Quake Champions","multiplayer focused","2017-08-22","day","2017.0","8.0","22.0","","","","","","","","","","","","","","16.5"
"48636","Age of Empires: Castle Siege","multiplayer focused","2014-09-17","day","2014.0","9.0","17.0","1.0","4.87","","","","","1.0","4.87","1.0","4.87","","","",""
"48729","BALLOON Saga","multiplayer focused","2017-08-18","day","2017.0","8.0","18.0","","","","","1.0","8.0","1.0","8.0","","","","","",""
"48746","Escape from Tarkov","multiplayer focused","2017-07-28","day","2017.0","7.0","28.0","","","","","","","","","","","","","","300.0"
"48887","Dark and Light","multiplayer focused","2017-07-20","day","2017.0","7.0","20.0","1.0","21.0","1.0","52.37","","","2.0","36.68","1.0","21.0","1.0","1.5","1.0","291.0"
"49079","Foxhole","multiplayer focused","2017-07-27","day","2017.0","7.0","27.0","1.0","224.0","2.0","508.5","","","3.0","413.67","1.0","224.0","","","",""
"49541","Strife(2015)","multiplayer focused","2015-05-22","day","2015.0","5.0","22.0","","","","","","","","","","","","","","45.0"
"49740","Luna Online: Reborn","multiplayer focused","2016-04-01","day","2016.0","4.0","1.0","1.0","156.5","","","","","1.0","156.5","1.0","156.5","","","",""
"49786","Comedy Night","multiplayer focused","2017-08-24","day","2017.0","8.0","24.0","1.0","0.5","","","3.0","13.42","4.0","10.18","1.0","0.5","1.0","2.5","1.0","7.5"
"49851","EVE: Valkyrie - Warzone","multiplayer focused","2017-09-26","day","2017.0","9.0","26.0","1.0","4.0","","","","","1.0","4.0","1.0","4.0","","","",""
"50129","Call of War","multiplayer focused","2017-10-21","day","2017.0","10.0","21.0","","","","","","","","","","","","","","62.5"
"50171","Stick Fight: The Game","multiplayer focused","2017-09-28","day","2017.0","9.0","28.0","","","","","","","","","","","","","","8.5"
"50275","The Jackbox Party Pack 4","multiplayer focused","2017-10-18","day","2017.0","10.0","18.0","","","","","","","","","","","","","","18.0"
"50736","Armored Warfare","multiplayer focused","2015-10-08","day","2015.0","10.0","8.0","1.0","0.8","","","","","1.0","0.8","1.0","0.8","","","",""
"50845","NosTale","multiplayer focused","2017-09-18","day","2017.0","9.0","18.0","","","","","","","","","","","","0.83","",""
"50862","RF Online","multiplayer focused","2006-02-21","day","2006.0","2.0","21.0","","","1.0","2000.0","1.0","200.0","2.0","1100.0","","","2.0","1117.0","1.0","200.0"
"51302","War Drones","multiplayer focused","2017-11-03","day","2017.0","11.0","3.0","","","","","1.0","1.0","1.0","1.0","","","","","",""
"51682","MINDNIGHT","multiplayer focused","2017-08-04","day","2017.0","8.0","4.0","","","","","","","","","","","","","","6.5"
"51726","Arena of Valor","multiplayer focused","","","","","","2.0","0.32","2.0","30.0","","","4.0","15.15","2.0","0.32","1.0","209.0","2.0","116.0"
"51768","Warhammer: Vermintide 2","multiplayer focused","2018-03-08","day","2018.0","3.0","8.0","160.0","11.53","110.0","32.48","36.0","136.7","306.0","33.78","160.0","11.53","71.0","54.5","1.0","35.0"
"51780","Survive the Nights","multiplayer focused","2017-12-21","day","2017.0","12.0","21.0","","","","","1.0","68.33","1.0","68.33","","","","","",""
"52240","Lineage 2: Revolution","multiplayer focused","2017-11-15","day","2017.0","11.0","15.0","1.0","25.0","","","","","1.0","25.0","1.0","25.0","","","",""
"52343","Hunt: Showdown","multiplayer focused","2018-02-22","day","2018.0","2.0","22.0","","","","","","","","","","","4.0","45.5","9.0","456.0"
"52615","Darwin Project","multiplayer focused","2018-01-17","day","2018.0","1.0","17.0","","","","","","","","","","","","","","49.0"
"52819","Onmyoji","multiplayer focused","2018-02-08","day","2018.0","2.0","8.0","","","1.0","60.62","","","1.0","60.62","","","","","",""
"52949","We Were Here Too","multiplayer focused","2018-02-02","day","2018.0","2.0","2.0","","","","","","","","","","","","3.0","",""
"53025","Dead Maze","multiplayer focused","2018-02-13","day","2018.0","2.0","13.0","","","","","","","","","","","","5.0","",""
"53337","Tannenberg","multiplayer focused","2017-11-16","day","2017.0","11.0","16.0","","","","","","","","","","","","","","4.5"
"53770","SoulWorker","multiplayer focused","2018-02-26","day","2018.0","2.0","26.0","2.0","52.53","","","","","2.0","52.53","2.0","52.53","","","",""
"54005","Holdfast: Nations At War","multiplayer focused","2017-09-21","day","2017.0","9.0","21.0","","","","","","","","","","","","","","11.5"
"54493","Beavers Be Dammed","multiplayer focused","2018-01-16","day","2018.0","1.0","16.0","","","","","","","","","","","","0.92","",""
"54851","SCP: Secret Laboratory","multiplayer focused","2017-12-29","day","2017.0","12.0","29.0","","","","","","","","","","","","","","33.0"
"55548","Radical Heights","multiplayer focused","2018-04-10","day","2018.0","4.0","10.0","","","","","","","","","","","","","","2.5"
"56668","Raft(2018)","multiplayer focused","2018-05-23","day","2018.0","5.0","23.0","186.0","26.23","149.0","37.42","64.0","69.7","399.0","37.38","186.0","26.23","","","",""
"56979","AdventureQuest Worlds","multiplayer focused","2008-06-02","day","2008.0","6.0","2.0","1.0","30.0","","","","","1.0","30.0","1.0","30.0","","","",""
"57052","Albion Online","multiplayer focused","2017-07-17","day","2017.0","7.0","17.0","1.0","10.0","4.0","40.58","2.0","199.2","7.0","81.53","1.0","10.0","2.0","46.0","5.0","119.0"
"57089","Bless Online","multiplayer focused","2018-05-30","day","2018.0","5.0","30.0","","","1.0","230.45","","","1.0","230.45","","","","","",""
"57193","Totally Accurate Battlegrounds","multiplayer focused","2018-06-05","day","2018.0","6.0","5.0","","","","","","","","","","","","","","10.0"
"57247","Travian","multiplayer focused","2004-09-05","day","2004.0","9.0","5.0","","","","","","","","","","","","","","800.0"
"57276","Realm Royale","multiplayer focused","2018-06-05","day","2018.0","6.0","5.0","","","","","","","","","","","","","","14.5"
"57369","Roark's Attack on Titan Fan Game","multiplayer focused","","","","","","","","","","","","","","","","","","","1.5"
"57473","Deathgarden","multiplayer focused","2018-08-14","day","2018.0","8.0","14.0","","","","","","","","","","","","","","26.0"
"57481","Rules of Survival","multiplayer focused","2017-12-06","day","2017.0","12.0","6.0","","","","","","","","","","","","","","0.75"
"57701","Ironsight","multiplayer focused","2019-06-20","day","2019.0","6.0","20.0","1.0","19.4","","","","","1.0","19.4","1.0","19.4","","","",""
"58037","Red Crucible: Reloaded","multiplayer focused","2015-09-15","day","2015.0","9.0","15.0","","","","","","","","","","","","","","25.0"
"58133","Temtem","multiplayer focused","2020-01-21","day","2020.0","1.0","21.0","31.0","58.9","35.0","80.05","7.0","200.33","73.0","82.6","31.0","58.9","6.0","56.5","2.0","9.0"
"58335","SpyParty","multiplayer focused","2018-04-12","day","2018.0","4.0","12.0","","","","","","","","","","","","","","0.08"
"58471","Defiance 2050","multiplayer focused","2018-07-10","day","2018.0","7.0","10.0","","","1.0","10.98","1.0","32.4","2.0","21.68","","","","","",""
"58476","Project: Gorgon","multiplayer focused","2018-03-12","day","2018.0","3.0","12.0","","","","","","","","","","","","56.0","",""
"59566","Shotgun Farmers","multiplayer focused","2017-06-01","day","2017.0","6.0","1.0","1.0","8.0","1.0","11.0","1.0","14.0","3.0","11.0","1.0","8.0","1.0","1.0","2.0","56.5"
"59793","Will To Live Online","multiplayer focused","2018-04-05","day","2018.0","4.0","5.0","2.0","40.0","1.0","105.0","1.0","256.0","4.0","110.25","2.0","40.0","1.0","25.0","2.0","81.0"
"59836","Insurgency: Sandstorm","multiplayer focused","2018-12-12","day","2018.0","12.0","12.0","","","","","","","","","","","5.0","107.0","7.0","108.0"
"60386","Fear The Wolves","multiplayer focused","2018-08-28","day","2018.0","8.0","28.0","","","","","","","","","","","","","","6.0"
"60387","Scum","multiplayer focused","2018-08-29","day","2018.0","8.0","29.0","","","1.0","14.0","1.0","34.25","2.0","24.12","","","","","",""
"60789","Stormbound","multiplayer focused","2018-05-15","day","2018.0","5.0","15.0","","","","","","","","","","","","","","35.5"
"61333","Dying Light: Bad Blood","multiplayer focused","2018-09-13","day","2018.0","9.0","13.0","","","","","","","","","","","","","","12.0"
"61389","Magic: The Gathering Arena","multiplayer focused","2018-09-27","day","2018.0","9.0","27.0","","","","","","","","","","","","","","130.0"
"61512","Ring of Elysium","multiplayer focused","2018-09-19","day","2018.0","9.0","19.0","","","","","","","","","","","","","","52.0"
"61721","Mobile Legends: Bang Bang","multiplayer focused","2016-07-14","day","2016.0","7.0","14.0","4.0","235.72","","","1.0","3000.0","5.0","788.57","4.0","235.72","1.0","100.0","4.0","308.0"
"61824","MapleStory 2","multiplayer focused","2018-10-04","day","2018.0","10.0","4.0","4.0","35.25","5.0","186.5","","","9.0","119.27","4.0","35.25","","","",""
"61888","The Jackbox Party Pack 5","multiplayer focused","2018-10-17","day","2018.0","10.0","17.0","","","","","","","","","","","","","","7.0"
"62388","Archangel: Hellfire","multiplayer focused","2017-08-02","day","2017.0","8.0","2.0","2.0","2.55","5.0","2.65","","","7.0","2.62","2.0","2.55","","","",""
"62703","Artifact","multiplayer focused","2018-11-28","day","2018.0","11.0","28.0","","","","","","","","","","","","","","35.5"
"62869","Rapture Rejects","multiplayer focused","2018-11-29","day","2018.0","11.0","29.0","","","","","","","","","","","","","","1.0"
"62895","Switchblade(2018)","multiplayer focused","2018-08-28","day","2018.0","8.0","28.0","","","","","","","","","","","","","","24.0"
"63437","Club Penguin","multiplayer focused","2005-10-24","day","2005.0","10.0","24.0","","","","","","","","","","","2.0","699.0","1.0","1350.0"
"64185","World War 3","multiplayer focused","2018-10-19","day","2018.0","10.0","19.0","","","","","","","","","","","","","","12.0"
"64501","Hell Let Loose","multiplayer focused","2021-07-27","day","2021.0","7.0","27.0","","","","","","","","","","","","","","36.5"
"64753","Apex Legends","multiplayer focused","2019-02-04","day","2019.0","2.0","4.0","","","","","","","","","","","","","","183.0"
"64989","Tetris 99","multiplayer focused","2019-02-13","day","2019.0","2.0","13.0","","","","","","","","","","","","","","36.5"
"65042","Super Animal Royale","multiplayer focused","2018-12-12","day","2018.0","12.0","12.0","","","","","","","","","","","","","","41.5"
"65122","Revelation Online","multiplayer focused","2018-02-27","day","2018.0","2.0","27.0","1.0","30.0","1.0","50.0","1.0","100.0","3.0","60.0","1.0","30.0","","","",""
"65434","Contractors VR","multiplayer focused","2018-12-14","day","2018.0","12.0","14.0","","","","","","","","","","","","","","13.5"
"65505","Tick Tock: A Tale for Two","multiplayer focused","2019-03-07","day","2019.0","3.0","7.0","","","","","","","","","","","","2.0","",""
"66142","Splitgate: Arena Warfare","multiplayer focused","2019-05-22","day","2019.0","5.0","22.0","","","","","","","","","","","","","","42.5"
"66786","MORDHAU","multiplayer focused","2019-04-29","day","2019.0","4.0","29.0","","","","","","","","","","","1.0","101.0","7.0","183.0"
"67146","Meridian 59","multiplayer focused","1996-10-31","day","1996.0","10.0","31.0","1.0","0.55","","","","","1.0","0.55","1.0","0.55","","","",""
"67805","Spellbreak","multiplayer focused","2020-12-15","day","2020.0","12.0","15.0","4.0","0.9","2.0","4.5","1.0","22.68","7.0","5.03","4.0","0.9","","","",""
"67832","New World","multiplayer focused","2021-09-28","day","2021.0","9.0","28.0","13.0","57.38","22.0","229.1","2.0","795.0","37.0","199.35","13.0","57.38","5.0","285.0","2.0","75.5"
"68002","The Cycle(2019)","multiplayer focused","2019-08-19","day","2019.0","8.0","19.0","","","","","","","","","","","","","","16.5"
"68093","Bleeding Edge","multiplayer focused","2020-03-24","day","2020.0","3.0","24.0","","","","","","","","","","","","","","5.0"
"68128","Project Winter","multiplayer focused","2019-05-23","day","2019.0","5.0","23.0","2.0","9.82","2.0","19.78","3.0","146.88","7.0","71.4","2.0","9.82","1.0","99.5","2.0","12.5"
"68195","Midnight Ghost Hunt","multiplayer focused","2022-03-31","day","2022.0","3.0","31.0","","","","","","","","","","","","","","2.0"
"68270","Fall Guys","multiplayer focused","2020-08-04","day","2020.0","8.0","4.0","","","","","","","","","","","13.0","71.5","128.0","35.0"
"68533","Dota Underlords","multiplayer focused","2019-06-20","day","2019.0","6.0","20.0","","","","","","","","","","","","","","91.5"
"68969","Conflict of Nations: World War 3","multiplayer focused","2018-03-15","day","2018.0","3.0","15.0","","","","","","","","","","","1.0","336.0","1.0","336.0"
"69213","Goat of Duty","multiplayer focused","2019-07-10","day","2019.0","7.0","10.0","","","","","","","","","","","","","","1.0"
"69351","Chivalry II","multiplayer focused","2022-06-12","day","2022.0","6.0","12.0","","","","","","","","","","","","","","20.0"
"69757","Bean Battles","multiplayer focused","2018-08-22","day","2018.0","8.0","22.0","","","","","","","","","","","","","","8.5"
"69815","Secret Neighbor","multiplayer focused","2019-08-02","day","2019.0","8.0","2.0","","","","","","","","","","","","","","2.5"
"69864","Watermelon Party","multiplayer focused","2019-05-31","day","2019.0","5.0","31.0","","","","","","","","","","","","","","0.5"
"69883","Vigor","multiplayer focused","2019-08-19","day","2019.0","8.0","19.0","","","","","","","","","","","","","","242.0"
"69992","GTFO","multiplayer focused","2019-12-09","day","2019.0","12.0","9.0","6.0","10.37","3.0","78.43","2.0","501.0","11.0","118.13","6.0","10.37","","","",""
"70034","Sam & Dan: Floaty Flatmates","multiplayer focused","2018-12-12","day","2018.0","12.0","12.0","","","","","","","","","","","","1.5","",""
"70056","World of Warcraft Classic","multiplayer focused","2019-08-27","day","2019.0","8.0","27.0","11.0","272.4","1.0","250.0","2.0","1250.0","14.0","410.45","11.0","272.4","","","",""
"70213","Rogue Company","multiplayer focused","2020-09-30","day","2020.0","9.0","30.0","6.0","16.15","2.0","37.37","17.0","34.3","25.0","30.18","6.0","16.15","3.0","6.5","11.0","99.0"
"70239","Uno(2017)","multiplayer focused","2017-01-03","day","2017.0","1.0","3.0","15.0","5.4","6.0","9.15","16.0","24.05","37.0","14.08","15.0","5.4","3.0","2.5","12.0","18.0"
"70794","Hyper Jam","multiplayer focused","2019-02-12","day","2019.0","2.0","12.0","","","","","","","","","","","","","","26.5"
"70987","Pixel Gun 3D","multiplayer focused","2013-05-02","day","2013.0","5.0","2.0","","","","","","","","","","","","","","29.0"
"71166","We Were Here Together","multiplayer focused","2019-10-10","day","2019.0","10.0","10.0","","","","","","","","","","","179.0","7.0","1.0","6.5"
"71271","Call of Duty: Mobile","multiplayer focused","2019-10-01","day","2019.0","10.0","1.0","","","","","","","","","","","5.0","64.0","10.0","101.0"
"71390","The Jackbox Party Pack 6","multiplayer focused","2019-10-16","day","2019.0","10.0","16.0","","","","","","","","","","","","","","5.0"
"71639","Killer Queen Black","multiplayer focused","2019-10-11","day","2019.0","10.0","11.0","","","","","","","","","","","","","","7.5"
"71837","War Robots","multiplayer focused","2018-04-05","day","2018.0","4.0","5.0","","","","","","","","","","","","","","2.0"
"71891","Caliber(2023)","multiplayer focused","2023-04-12","day","2023.0","4.0","12.0","","","","","","","","","","","1.0","50.0","1.0","170.0"
"72591","Deathgarden: BLOODHARVEST","multiplayer focused","2018-08-14","day","2018.0","8.0","14.0","1.0","10.0","","","3.0","20.53","4.0","17.9","1.0","10.0","","","",""
"72860","Naraka: Bladepoint","multiplayer focused","2021-08-12","day","2021.0","8.0","12.0","","","","","","","","","","","","","","45.0"
"72863","CryoFall","multiplayer focused","2019-04-03","day","2019.0","4.0","3.0","1.0","30.0","2.0","21.45","","","3.0","24.3","1.0","30.0","","","",""
"73034","Paunch","multiplayer focused","2019-12-04","day","2019.0","12.0","4.0","","","","","","","","","","","","","","0.73"
"73569","NAVYFIELD","multiplayer focused","2000-03-18","day","2000.0","3.0","18.0","","","","","1.0","500.0","1.0","500.0","","","","","",""
"73803","Unrailed!","multiplayer focused","2019-09-09","day","2019.0","9.0","9.0","","","","","","","","","","","","9.0","",""
"74113","PokeMMO","multiplayer focused","","","","","","4.0","47.2","1.0","164.0","","","5.0","70.55","4.0","47.2","","","",""
"74207","Among Us","multiplayer focused","2018-11-16","day","2018.0","11.0","16.0","","","","","","","","","","","47.0","23.5","91.0","21.5"
"75852","Call of Duty: Warzone","multiplayer focused","2020-03-10","day","2020.0","3.0","10.0","","","","","","","","","","","","","","91.0"
"75978","Cartoon Network Universe: FusionFall","multiplayer focused","2009-01-14","day","2009.0","1.0","14.0","1.0","41.0","1.0","55.0","1.0","60.0","3.0","52.0","1.0","41.0","","","",""
"76473","Resident Evil: Resistance","multiplayer focused","2020-04-03","day","2020.0","4.0","3.0","","","","","","","","","","","","","","80.5"
"76906","Valorant","multiplayer focused","2020-06-02","day","2020.0","6.0","2.0","","","","","","","","","","","","","","254.0"
"76933","Talvisota - Winter War","multiplayer focused","2020-04-02","day","2020.0","4.0","2.0","","","","","","","","","","","","","","14.5"
"77272","Deadside","multiplayer focused","2020-04-14","day","2020.0","4.0","14.0","","","","","","","","","","","1.0","7.0","2.0","11.0"
"77549","Warhammer Underworlds: Online","multiplayer focused","2020-04-21","day","2020.0","4.0","21.0","","","","","","","","","","","","","","0.65"
"77590","Due Process","multiplayer focused","2020-11-03","day","2020.0","11.0","3.0","","","","","","","","","","","","","","11.0"
"78700","Eudemons Online","multiplayer focused","2020-10-28","day","2020.0","10.0","28.0","1.0","21.0","1.0","31.0","","","2.0","26.0","1.0","21.0","","","",""
"78844","Bombergrounds: Battle Royale","multiplayer focused","2020-03-06","day","2020.0","3.0","6.0","","","","","","","","","","","","","","1.0"
"80596","Atlantica Online","multiplayer focused","2020-05-14","day","2020.0","5.0","14.0","","","1.0","60.0","","","1.0","60.0","","","","","",""
"80599","Cyber Hunter","multiplayer focused","2020-06-18","day","2020.0","6.0","18.0","","","","","","","","","","","","","","0.45"
"80869","Kritika:REBOOT","multiplayer focused","2019-11-12","day","2019.0","11.0","12.0","1.0","110.0","1.0","26.0","","","2.0","68.0","1.0","110.0","","","",""
"81332","Sherwood Dungeon","multiplayer focused","","","","","","","","","","1.0","15.0","1.0","15.0","","","","","",""
"81866","Red Dead Online","multiplayer focused","2020-12-01","day","2020.0","12.0","1.0","","","","","","","","","","","","","","91.5"
"82724","Super Bomberman R Online","multiplayer focused","2020-09-01","day","2020.0","9.0","1.0","","","","","","","","","","","2.0","3.5","6.0","13.0"
"82770","Super Mario Bros. 35","multiplayer focused","2020-10-01","day","2020.0","10.0","1.0","","","","","","","","","","","","","","5.0"
"83722","Sign of Silence","multiplayer focused","2020-10-01","day","2020.0","10.0","1.0","5.0","1.9","1.0","2.78","","","6.0","2.05","5.0","1.9","","","",""
"84033","Operation: Tango","multiplayer focused","2021-06-01","day","2021.0","6.0","1.0","","","","","","","","","","","","5.0","",""
"84044","King of Crabs","multiplayer focused","2020-07-03","day","2020.0","7.0","3.0","1.0","5.0","","","","","1.0","5.0","1.0","5.0","","","",""
"84086","The Jackbox Party Pack 7","multiplayer focused","2020-10-15","day","2020.0","10.0","15.0","","","","","","","","","","","","","","6.0"
"84460","In Silence","multiplayer focused","2020-10-16","day","2020.0","10.0","16.0","2.0","22.85","1.0","35.42","2.0","35.92","5.0","30.58","2.0","22.85","","","",""
"84780","SpellForce 3: Versus Edition","multiplayer focused","2020-11-03","day","2020.0","11.0","3.0","","","","","","","","","","","","45.0","",""
"84787","Drunken Wrestlers 2","multiplayer focused","2019-04-01","day","2019.0","4.0","1.0","","","","","","","","","","","","","","2.0"
"85022","Eternal Return: Black Survival","multiplayer focused","2020-10-14","day","2020.0","10.0","14.0","","","","","","","","","","","","","","2.0"
"85026","Surviv.io - 2D Battle Royale","multiplayer focused","2020-09-24","day","2020.0","9.0","24.0","1.0","3.0","","","","","1.0","3.0","1.0","3.0","","","",""
"85235","Scribble It!","multiplayer focused","2020-10-20","day","2020.0","10.0","20.0","1.0","0.77","","","","","1.0","0.77","1.0","0.77","","","",""
"85370","Wanba Warriors","multiplayer focused","2020-03-25","day","2020.0","3.0","25.0","","","","","","","","","","","","","","2.5"
"85400","Bless Unleashed","multiplayer focused","2021","year","2021.0","","","1.0","280.0","2.0","1477.22","","","3.0","1078.15","1.0","280.0","","","",""
"85411","First Class Trouble","multiplayer focused","2021-04-08","day","2021.0","4.0","8.0","","","","","","","","","","","2.0","23.5","3.0","11.5"
"85497","Worms Rumble","multiplayer focused","2020-12-01","day","2020.0","12.0","1.0","","","","","","","","","","","","","","23.5"
"85721","CRSED: F.O.A.D.","multiplayer focused","2019-12-12","day","2019.0","12.0","12.0","","","","","","","","","","","","","","2.0"
"85958","Century: Age of Ashes","multiplayer focused","2021-02","month","2021.0","2.0","","","","","","","","","","","","","","","4.0"
"86110","League of Legends: Wild Rift","multiplayer focused","2020-10-27","day","2020.0","10.0","27.0","","","1.0","21.0","","","1.0","21.0","","","","","",""
"87723","Blazing Sails","multiplayer focused","2020-11-05","day","2020.0","11.0","5.0","","","","","","","","","","","","1.5","",""
"87783","Monstrum II","multiplayer focused","2021-01-28","day","2021.0","1.0","28.0","","","","","","","","","","","","","","1.0"
"88135","Resident Evil Re:Verse","multiplayer focused","2022-10-28","day","2022.0","10.0","28.0","","","","","","","","","","","","","","7.0"
"88279","Krunker","multiplayer focused","2021-02-01","day","2021.0","2.0","1.0","","","","","","","","","","","","","","27.0"
"89546","Zula","multiplayer focused","2018-01-12","day","2018.0","1.0","12.0","","","","","","","","","","","1.0","67.0","4.0","404.0"
"89609","Mighty Fight Federation","multiplayer focused","2021-03-10","day","2021.0","3.0","10.0","","","","","","","","","","","","","","90.5"
"90620","Rounds(2021)","multiplayer focused","2021-04-01","day","2021.0","4.0","1.0","","","","","","","","","","","","","","4.0"
"90780","PAC-MAN 99","multiplayer focused","2021-04-07","day","2021.0","4.0","7.0","","","","","","","","","","","","","","1.5"
"91015","Handy Dandy","multiplayer focused","2020-05-12","day","2020.0","5.0","12.0","","","","","","","","","","","","3.0","",""
"91344","Fireboy & Watergirl: Elements","multiplayer focused","2019-01-24","day","2019.0","1.0","24.0","","","","","","","","","","","","5.0","",""
"91386","Enlisted","multiplayer focused","2021-04-08","day","2021.0","4.0","8.0","","","","","","","","","","","","","","94.5"
"92198","Hood: Outlaws and Legends","multiplayer focused","2021-05-10","day","2021.0","5.0","10.0","","","","","","","","","","","1.0","26.5","2.0","14.5"
"92506","Knockout City","multiplayer focused","2021-05-21","day","2021.0","5.0","21.0","","","","","","","","","","","","","","20.0"
"92645","Goose Goose Duck","multiplayer focused","2021-04-29","day","2021.0","4.0","29.0","","","","","","","","","","","1.0","16.0","3.0","2.5"
"93064","Palia","multiplayer focused","2023-08-10","day","2023.0","8.0","10.0","3.0","71.35","2.0","67.5","1.0","400.0","6.0","124.83","3.0","71.35","","","",""
"93324","Chrono Odyssey","multiplayer focused","2026","year","2026.0","","","1.0","4.0","","","","","1.0","4.0","1.0","4.0","","","",""
"93426","Battlefield 2042","multiplayer focused","2021-11-19","day","2021.0","11.0","19.0","","","","","","","","","","","1.0","0.57","43.0","115.0"
"94137","Overwatch 2","multiplayer focused","2023-08-10","day","2023.0","8.0","10.0","","","","","","","","","","","7.0","35.5","37.0","254.0"
"95887","Pokmon Unite","multiplayer focused","2021-07-21","day","2021.0","7.0","21.0","","","","","","","","","","","2.0","76.0","12.0","75.0"
"95962","Lunia: Record of Lunia War","multiplayer focused","2008-10-14","day","2008.0","10.0","14.0","1.0","50.0","","","1.0","80.0","2.0","65.0","1.0","50.0","","","",""
"96512","Phantasy Star Online 2","multiplayer focused","2020-05-27","day","2020.0","5.0","27.0","3.0","460.0","4.0","1639.97","1.0","1500.0","8.0","1179.98","3.0","460.0","3.0","473.0","2.0","20.0"
"97028","Come With Me","multiplayer focused","2021-05-14","day","2021.0","5.0","14.0","","","","","","","","","","","","0.55","",""
"97035","Club Penguin Island","multiplayer focused","2017-03-29","day","2017.0","3.0","29.0","1.0","2.0","","","","","1.0","2.0","1.0","2.0","","","",""
"97390","PICO PARK: Classic Edition","multiplayer focused","2016-04-27","day","2016.0","4.0","27.0","","","","","","","","","","","4.0","1.5","1.0","0.03"
"97704","Vampire: The Masquerade - Bloodhunt","multiplayer focused","2021-09-07","day","2021.0","9.0","7.0","","","","","","","","","","","","","","24.0"
"98643","Super Auto Pets","multiplayer focused","2021-09-24","day","2021.0","9.0","24.0","","","","","","","","","","","","","","94.5"
"99027","The Jackbox Party Pack 8","multiplayer focused","2021-10-13","day","2021.0","10.0","13.0","","","","","","","","","","","","","","6.0"
"99072","Farlight 84","multiplayer focused","2023-04-23","day","2023.0","4.0","23.0","","","","","","","","","","","","","","65.0"
"99110","Eronoctosis: Put Yourself Together","multiplayer focused","2021-10-10","day","2021.0","10.0","10.0","","","","","","","","","","","","0.47","",""
"99627","Crab Game","multiplayer focused","2021-10-29","day","2021.0","10.0","29.0","","","","","","","","","","","","","","3.0"
"99727","Just Act Natural","multiplayer focused","2022-03-25","day","2022.0","3.0","25.0","","","","","","","","","","","","","","0.67"
"100025","Keo","multiplayer focused","","","","","","","","","","","","","","","","","","","2.0"
"100042","Isonzo","multiplayer focused","2022-09-13","day","2022.0","9.0","13.0","","","","","","","","","","","","","","130.0"
"100054","Propnight","multiplayer focused","2021-12-01","day","2021.0","12.0","1.0","","","","","","","","","","","","","","10.0"
"100431","Dragon Ball: The Breakers","multiplayer focused","2022","year","2022.0","","","","","","","","","","","","","","","","13.5"
"100706","MultiVersus","multiplayer focused","2024-05-28","day","2024.0","5.0","28.0","22.0","7.93","6.0","42.95","7.0","88.0","35.0","29.95","22.0","7.93","3.0","15.0","21.0","27.5"
"100899","Bloons TD Battles 2","multiplayer focused","2021-11-30","day","2021.0","11.0","30.0","","","","","","","","","","","","","","3.0"
"100948","Rubber Bandits","multiplayer focused","2021-12-02","day","2021.0","12.0","2.0","","","","","","","","","","","4.0","2.5","1.0","0.55"
"101496","The Past Within","multiplayer focused","2022-11-02","day","2022.0","11.0","2.0","","","","","","","","","","","","2.0","",""
"101588","SCP: Containment Breach Multiplayer","multiplayer focused","2021-10-25","day","2021.0","10.0","25.0","","","","","","","","","","","","5.5","",""
"101687","Super People","multiplayer focused","","","","","","","","","","","","","","","","","","","42.5"
"101758","Babble Royale","multiplayer focused","2021-12-15","day","2021.0","12.0","15.0","","","","","","","","","","","","","","2.5"
"101768","The Two of Us","multiplayer focused","2021-12-18","day","2021.0","12.0","18.0","","","","","","","","","","","","1.0","",""
"103113","Redmatch 2","multiplayer focused","2021-06-24","day","2021.0","6.0","24.0","","","","","","","","","","","","","","90.0"
"103909","With You","multiplayer focused","2022-02-02","day","2022.0","2.0","2.0","","","","","","","","","","","","0.42","",""
"106319","Knightfall: A Daring Journey","multiplayer focused","2022-04-01","day","2022.0","4.0","1.0","","","","","","","","","","","1.0","2.0","1.0","0.25"
"107110","BattleBit Remastered","multiplayer focused","2023-06-15","day","2023.0","6.0","15.0","","","","","","","","","","","","","","30.5"
"107144","Tower of Fantasy","multiplayer focused","2022-10-22","day","2022.0","10.0","22.0","","","","","","","","","","","","168.0","",""
"107747","The Timeless Child - Prologue","multiplayer focused","2021-12-10","day","2021.0","12.0","10.0","","","","","","","","","","","","2.0","",""
"108493","Stumble Guys","multiplayer focused","2021-10-07","day","2021.0","10.0","7.0","","","","","","","","","","","","","","11.5"
"108501","Marvel SNAP","multiplayer focused","2022-10-18","day","2022.0","10.0","18.0","3.0","97.6","4.0","30.07","","","7.0","59.0","3.0","97.6","","","",""
"108521","Movie Quest","multiplayer focused","2022-12-16","day","2022.0","12.0","16.0","1.0","2.0","","","","","1.0","2.0","1.0","2.0","","","",""
"108563","En Route: Space","multiplayer focused","2022-05-06","day","2022.0","5.0","6.0","","","","","","","","","","","","2.5","",""
"109248","Once Human","multiplayer focused","2024","year","2024.0","","","","","","","","","","","","","","39.5","",""
"109371","Deceive Inc.","multiplayer focused","2023-03-21","day","2023.0","3.0","21.0","","","","","","","","","","","","","","13.0"
"109844","Blanc","multiplayer focused","2023-02-14","day","2023.0","2.0","14.0","","","","","","","","","","","","2.0","",""
"109965","Fireboy & Watergirl in The Forest Temple","multiplayer focused","2009-11-19","day","2009.0","11.0","19.0","","","","","","","","","","","","1.0","",""
"110008","Exoprimal","multiplayer focused","2023-07-14","day","2023.0","7.0","14.0","56.0","23.68","15.0","28.78","8.0","101.1","79.0","32.5","56.0","23.68","6.0","27.0","4.0","39.5"
"110259","The Cycle: Frontier","multiplayer focused","2022-06-08","day","2022.0","6.0","8.0","","","","","","","","","","","","","","53.5"
"111821","Tv","multiplayer focused","2022-07-31","day","2022.0","7.0","31.0","","","","","","","","","","","","1.0","",""
"112443","Battalion: Legacy","multiplayer focused","2019-05-23","day","2019.0","5.0","23.0","","","","","","","","","","","","","","2.5"
"112464","Destroy All Humans! - Clone Carnage","multiplayer focused","2022-06-01","day","2022.0","6.0","1.0","","","","","","","","","","","1.0","7.0","2.0","4.0"
"113019","Killer Klowns from Outer Space: The Game","multiplayer focused","2024-06-04","day","2024.0","6.0","4.0","","","","","","","","","","","","","","100.0"
"113021","Friends vs Friends","multiplayer focused","2023-05-30","day","2023.0","5.0","30.0","","","","","","","","","","","1.0","2.0","1.0","2.0"
"113391","Shatterline","multiplayer focused","2022-09-08","day","2022.0","9.0","8.0","","","","","","","","","","","","","","4.0"
"113677","Ghost Watchers","multiplayer focused","2022-07-28","day","2022.0","7.0","28.0","","","","","2.0","18.95","2.0","18.95","","","","","",""
"113774","Omega Strikers","multiplayer focused","2022-09-16","day","2022.0","9.0","16.0","","","","","","","","","","","","","","21.0"
"113854","Gundam Evolution","multiplayer focused","2022-09-19","day","2022.0","9.0","19.0","","","","","","","","","","","","","","44.0"
"114145","The Finals","multiplayer focused","2023-12-07","day","2023.0","12.0","7.0","","","","","","","","","","","2.0","19.5","22.0","59.5"
"114461","Ghostbusters: Spirits Unleashed","multiplayer focused","2022-10-18","day","2022.0","10.0","18.0","4.0","8.17","2.0","7.42","","","6.0","7.92","4.0","8.17","","","",""
"115457","FPS Chess","multiplayer focused","2022-07-16","day","2022.0","7.0","16.0","","","","","","","","","","","","","","1.0"
"116082","Fireboy & Watergirl: The Light Temple","multiplayer focused","2010-10-26","day","2010.0","10.0","26.0","","","","","","","","","","","","1.5","",""
"116086","Fireboy & Watergirl: The Ice Temple","multiplayer focused","2012-04-05","day","2012.0","4.0","5.0","","","","","","","","","","","","2.5","",""
"116087","Fireboy & Watergirl: The Crystal Temple","multiplayer focused","2013-03-29","day","2013.0","3.0","29.0","","","","","","","","","","","","2.0","",""
"116471","Call of Duty: Warzone 2.0","multiplayer focused","2022-11-16","day","2022.0","11.0","16.0","4.0","81.0","1.0","74.6","1.0","77.25","6.0","79.3","4.0","81.0","","","",""
"117167","Poker Club","multiplayer focused","2020-11-20","day","2020.0","11.0","20.0","","","","","","","","","","","","","","1.5"
"117255","USAC: Code Breach","multiplayer focused","2022-10-26","day","2022.0","10.0","26.0","","","","","","","","","","","","8.5","",""
"117972","Divine Knockout","multiplayer focused","2022-12-06","day","2022.0","12.0","6.0","","","","","","","","","","","","","","5.0"
"118477","Unsolved Case","multiplayer focused","2022-11-24","day","2022.0","11.0","24.0","","","","","","","","","","","","2.0","",""
"118779","Dune: Awakening","multiplayer focused","2025-06-10","day","2025.0","6.0","10.0","4.0","57.5","5.0","112.98","1.0","240.0","10.0","103.48","4.0","57.5","","","",""
"120442","Final Fantasy XIV(2010)","multiplayer focused","2010-09-30","day","2010.0","9.0","30.0","","","2.0","1066.97","","","2.0","1066.97","","","","","",""
"121463","Dark and Darker","multiplayer focused","","","","","","","","","","","","","","","","1.0","40.0","3.0","8.5"
"121481","Buissons","multiplayer focused","2021-02-02","day","2021.0","2.0","2.0","","","","","","","","","","","","","","0.25"
"122950","Deceptus","multiplayer focused","2023-01-17","day","2023.0","1.0","17.0","","","","","","","","","","","","","","1.5"
"123867","Predecessor(2022)","multiplayer focused","2022-11-30","day","2022.0","11.0","30.0","1.0","1.0","","","","","1.0","1.0","1.0","1.0","","","",""
"123941","How 2 Escape","multiplayer focused","2023-08-31","day","2023.0","8.0","31.0","","","","","","","","","","","","8.5","",""
"123997","RuneScape(2001)","multiplayer focused","2001-03-29","day","2001.0","3.0","29.0","6.0","565.95","3.0","1725.32","4.0","4857.38","13.0","2153.93","6.0","565.95","","","",""
"124846","In Sink","multiplayer focused","2024-10-12","day","2024.0","10.0","12.0","","","","","","","","","","","","12.0","",""
"125654","Bin Weevils","multiplayer focused","2004-01","month","2004.0","1.0","","1.0","1.0","","","","","1.0","1.0","1.0","1.0","","","",""
"126389","Bokura","multiplayer focused","2023-08-10","day","2023.0","8.0","10.0","","","","","","","","","","","","5.0","",""
"126645","Rock Paper Scissors Online(2017)","multiplayer focused","2017-03-10","day","2017.0","3.0","10.0","","","","","","","","","","","","","","0.38"
"127235","Harry Potter: Quidditch Champions","multiplayer focused","2024-09-03","day","2024.0","9.0","3.0","16.0","4.73","8.0","15.58","9.0","23.32","33.0","12.43","16.0","4.73","","","",""
"127243","XDefiant","multiplayer focused","2024-05-21","day","2024.0","5.0","21.0","","","","","","","","","","","","","","18.0"
"127483","united heist","multiplayer focused","2023-02-12","day","2023.0","2.0","12.0","6.0","1.57","1.0","1.75","6.0","1.57","13.0","1.58","6.0","1.57","","","",""
"128015","Unboxing the Cryptic Killer","multiplayer focused","2023-04-27","day","2023.0","4.0","27.0","","","","","","","","","","","","2.5","",""
"128033","The Texas Chain Saw Massacre(2023)","multiplayer focused","2023-08-19","day","2023.0","8.0","19.0","","","","","","","","","","","","","","52.5"
"128172","Against All Odds(2023)","multiplayer focused","2023-05-04","day","2023.0","5.0","4.0","","","","","","","","","","","","","","1.0"
"129065","The Elder Scrolls Online: Necrom","multiplayer focused","2023-06-05","day","2023.0","6.0","5.0","1.0","7.92","2.0","21.53","1.0","24.0","4.0","18.75","1.0","7.92","","","",""
"129093","Starship Troopers: Extermination","multiplayer focused","2023-05-17","day","2023.0","5.0","17.0","","","","","","","","","","","","1.5","",""
"129232","Helldivers 2","multiplayer focused","2024-02-08","day","2024.0","2.0","8.0","","","","","","","","","","","67.0","80.0","2.0","31.0"
"129265","Foamstars","multiplayer focused","2024-02-06","day","2024.0","2.0","6.0","8.0","4.57","2.0","6.0","8.0","20.77","18.0","11.92","8.0","4.57","","","",""
"129271","Concord","multiplayer focused","2024-08-23","day","2024.0","8.0","23.0","","","","","","","","","","","","","","2.0"
"129788","Throne and Liberty","multiplayer focused","2024-09-17","day","2024.0","9.0","17.0","9.0","89.48","8.0","138.08","6.0","318.22","23.0","166.07","9.0","89.48","3.0","53.5","1.0","10.0"
"129821","Warhaven","multiplayer focused","2023-09-21","day","2023.0","9.0","21.0","","","","","","","","","","","","","","30.0"
"129825","The Matriarch","multiplayer focused","2022-09-26","day","2022.0","9.0","26.0","","","","","","","","","","","","4.5","",""
"129856","Ritual Night","multiplayer focused","2024","year","2024.0","","","","","","","","","","","","","","","","3.0"
"130128","Town of Salem II","multiplayer focused","2023-05-26","day","2023.0","5.0","26.0","","","","","","","","","","","","","","250.0"
"130968","My Hero Ultra Rumble","multiplayer focused","2023-09-28","day","2023.0","9.0","28.0","4.0","11.73","1.0","13.25","","","5.0","12.03","4.0","11.73","2.0","11.5","3.0","8.0"
"131857","Get Together: A Coop Adventure","multiplayer focused","2021-10-14","day","2021.0","10.0","14.0","1.0","1.0","1.0","2.0","1.0","3.0","3.0","2.0","1.0","1.0","","","",""
"132659","Backpack Battles","multiplayer focused","2024-04","month","2024.0","4.0","","","","","","","","","","","","","","","36.0"
"133635","HYENAS","multiplayer focused","2023","year","2023.0","","","","","","","","","","","","","","","","1.5"
"136855","One Piece: Bounty Rush","multiplayer focused","2019-01-31","day","2019.0","1.0","31.0","","","","","1.0","1.77","1.0","1.77","","","","","",""
"137666","Puzzle Compound","multiplayer focused","2023-05-25","day","2023.0","5.0","25.0","","","","","","","","","","","","4.5","",""
"137777","We Were Here Expeditions: The FriendShip","multiplayer focused","2023-09-14","day","2023.0","9.0","14.0","","","","","","","","","","","121.0","2.5","1.0","2.0"
"139793","Headbangers: Rhythm Royale","multiplayer focused","2023-10-31","day","2023.0","10.0","31.0","","","","","","","","","","","","","","3.0"
"140702","Bopl Battle","multiplayer focused","2023-11-16","day","2023.0","11.0","16.0","","","","","","","","","","","","30.0","",""
"141804","Bronzebeard's Tavern","multiplayer focused","2023-11-30","day","2023.0","11.0","30.0","","","","","","","","","","","","8.0","",""
"141868","Mecha BREAK","multiplayer focused","2025-07-01","day","2025.0","7.0","1.0","4.0","16.25","","","","","4.0","16.25","4.0","16.25","","","",""
"144197","Smite 2","multiplayer focused","2024","year","2024.0","","","","","","","","","","","","","","","","2.5"
"145876","Level Zero: Extraction","multiplayer focused","2024","year","2024.0","","","","","","","","","","","","","","","","3.5"
"146160","Kebab Chefs! - Restaurant Simulator","multiplayer focused","2024-01-19","day","2024.0","1.0","19.0","3.0","19.72","2.0","24.28","4.0","44.9","9.0","31.92","3.0","19.72","","","",""
"146310","Sonder","multiplayer focused","2024-02-15","day","2024.0","2.0","15.0","5.0","0.67","3.0","0.65","2.0","1.08","10.0","0.73","5.0","0.67","","","",""
"147712","Marvel Rivals","multiplayer focused","2024-12-06","day","2024.0","12.0","6.0","","","","","","","","","","","","","","55.5"
"147904","Content Warning","multiplayer focused","2024-04-01","day","2024.0","4.0","1.0","","","","","","","","","","","","8.0","",""
"147953","Duckside","multiplayer focused","2024-09-25","day","2024.0","9.0","25.0","","","","","","","","","","","","","","12.0"
"148070","Oh Deer","multiplayer focused","2024-03-15","day","2024.0","3.0","15.0","1.0","1.0","2.0","14.9","","","3.0","10.27","1.0","1.0","1.0","23.5","2.0","7.0"
"148624","Warface: Clutch","multiplayer focused","2014-07-01","day","2014.0","7.0","1.0","","","","","","","","","","","","","","110.0"
"149681","Two Climbers","multiplayer focused","2024-01-19","day","2024.0","1.0","19.0","","","","","","","","","","","","3.0","",""
"152050","FragPunk","multiplayer focused","2025-03-06","day","2025.0","3.0","6.0","","","","","","","","","","","","","","32.0"
"152178","New World: Aeternum","multiplayer focused","2021-09-28","day","2021.0","9.0","28.0","3.0","29.33","2.0","106.5","","","5.0","60.2","3.0","29.33","","","",""
"152364","Murky Divers","multiplayer focused","2024-06-19","day","2024.0","6.0","19.0","","","","","","","","","","","","8.0","",""
"152640","Tarisland","multiplayer focused","2024-06-21","day","2024.0","6.0","21.0","1.0","13.07","1.0","91.28","","","2.0","52.17","1.0","13.07","","","",""
"152854","Supervive","multiplayer focused","2024-11-20","day","2024.0","11.0","20.0","","","","","","","","","","","","","","33.5"
"152954","Blood Strike","multiplayer focused","2024-10-18","day","2024.0","10.0","18.0","","","","","","","","","","","","","","32.5"
"153881","Splitgate 2","multiplayer focused","2025-05-22","day","2025.0","5.0","22.0","3.0","22.55","","","","","3.0","22.55","3.0","22.55","1.0","119.0","1.0","0.52"
"154638","Spectre Divide","multiplayer focused","2024-09-03","day","2024.0","9.0","3.0","","","","","","","","","","","","","","18.5"
"154975","BOKURA: Planet","multiplayer focused","2025-04-24","day","2025.0","4.0","24.0","","","","","","","","","","","","6.0","",""
"155349","Deadlock(2025)","multiplayer focused","2025","year","2025.0","","","","","","","","","","","","","","","","17.0"
"155443","LOCKDOWN Protocol","multiplayer focused","","","","","","","","","","","","","","","","","7.0","",""
"155701","Madden NFL 25(2024)","multiplayer focused","2024-08-15","day","2024.0","8.0","15.0","6.0","21.38","3.0","41.28","","","9.0","28.02","6.0","21.38","","","",""
"157448","Together in Between","multiplayer focused","2024-09-02","day","2024.0","9.0","2.0","","","","","","","","","","","","2.5","",""
"157692","Liar's Bar","multiplayer focused","2024-10-02","day","2024.0","10.0","2.0","","","","","","","","","","","","","","2.5"
"157925","Unplagued","multiplayer focused","2024-10-10","day","2024.0","10.0","10.0","1.0","1.0","","","","","1.0","1.0","1.0","1.0","","","",""
"157937","Sunderfolk","multiplayer focused","2025-04-23","day","2025.0","4.0","23.0","4.0","21.95","","","","","4.0","21.95","4.0","21.95","","","",""
"158252","FBC: Firebreak","multiplayer focused","2025-06-17","day","2025.0","6.0","17.0","12.0","3.15","8.0","10.67","3.0","20.53","23.0","8.03","12.0","3.15","","","",""
"158513","STRAFTAT","multiplayer focused","2024-10-24","day","2024.0","10.0","24.0","","","","","","","","","","","","","","2.0"
"158639","The Jackbox Survey Scramble","multiplayer focused","2024-10-23","day","2024.0","10.0","23.0","","","","","","","","","","","","","","4.5"
"158802","Death Note: Killer Within","multiplayer focused","2024-11-05","day","2024.0","11.0","5.0","","","","","","","","","","","","","","0.93"
"160589","Elden Ring: Nightreign","multiplayer focused","2025-05-30","day","2025.0","5.0","30.0","127.0","29.85","107.0","39.95","108.0","64.08","342.0","43.82","127.0","29.85","","","",""
"160592","Split Fiction","multiplayer focused","2025-03-06","day","2025.0","3.0","6.0","255.0","13.48","643.0","14.6","220.0","15.9","1.0","14.6","255.0","13.48","","","",""
"160620","REMATCH","multiplayer focused","2025-06-19","day","2025.0","6.0","19.0","2.0","7.5","","","4.0","42.5","6.0","30.83","2.0","7.5","","","",""
"160756","Granny: Escape Together","multiplayer focused","2024-12-06","day","2024.0","12.0","6.0","","","","","","","","","","","","4.0","",""
"161632","Carry The Glass","multiplayer focused","2024-10-23","day","2024.0","10.0","23.0","","","","","","","","","","","","3.0","",""
"162133","Split Brain","multiplayer focused","2024-12-05","day","2024.0","12.0","5.0","","","","","","","","","","","","4.0","",""
"162236","Royal Quest Online","multiplayer focused","2024-12-19","day","2024.0","12.0","19.0","1.0","25.0","1.0","50.0","1.0","75.0","3.0","50.0","1.0","25.0","","","",""
"168267","Cast & Spell","multiplayer focused","2025-04-18","day","2025.0","4.0","18.0","2.0","2.0","1.0","2.0","1.0","3.0","4.0","2.25","2.0","2.0","","","",""
"168721","Chained in the Backrooms","multiplayer focused","2025-02-13","day","2025.0","2.0","13.0","","","","","","","","","","","","1.0","",""
"169086","Parallel Experiment","multiplayer focused","2025-06-05","day","2025.0","6.0","5.0","","","","","","","","","","","","5.0","",""
"169515","WHAT THE PAK?!","multiplayer focused","2024-12-07","day","2024.0","12.0","7.0","","","","","","","","","","","","","","0.45"
